id,left_file,right_file,feature_file,DRR_class,DRR,C80,RT60,ILD,ITD_ms,room_id,room_x,room_y,room_z,absorption,source_id,source_x,source_y,source_z,listener_id,listener_x,listener_y,listener_z,split
0635,0635_L.wav,0635_R.wav,0635.npy,2,0.6468436621411439,12.010289354844595,0.6586363636363637,0.9137895050135498,-0.36281179138321995,2,9.0,6.0,3.0,0.2,5,3.0,2.0,1.5,9,2.5,2.5,1.5,train
0126,0126_L.wav,0126_R.wav,0126.npy,0,-6.497259779379894,13.626694780964414,0.3763636363636364,-0.03169852980344922,4.195011337868481,2,9.0,6.0,3.0,0.35,3,2.0,1.5,1.5,12,4.0,2.5,1.5,train
0639,0639_L.wav,0639_R.wav,0639.npy,2,4.954070521660072,39.66932867801228,0.17463842975206612,0.7446941132785596,-0.5215419501133787,3,10.0,7.0,3.0,0.8,3,2.0,1.5,1.5,15,2.0,3.2,1.5,train
0220,0220_L.wav,0220_R.wav,0220.npy,0,-12.791859828332882,11.414636575407474,1.0733333333333333,0.17719058991584588,-5.034013605442177,0,6.0,4.0,3.0,0.1,5,3.0,2.0,1.5,14,1.5,3.2,1.5,train
0181,0181_L.wav,0181_R.wav,0181.npy,0,-11.315272408288182,6.797008736315302,1.3172727272727274,0.06793172488565247,2.4716553287981857,2,9.0,6.0,3.0,0.1,3,2.0,1.5,1.5,6,4.5,1.3,1.5,train
0684,0684_L.wav,0684_R.wav,0684.npy,2,7.20689522032988,41.0040745577202,0.17463842975206612,0.9025487274596206,-0.47619047619047616,3,10.0,7.0,3.0,0.8,5,3.0,2.0,1.5,18,3.5,3.2,1.5,train
0680,0680_L.wav,0680_R.wav,0680.npy,2,2.1779644252883403,22.366581638342677,0.26345454545454544,0.4436710575984962,-0.22675736961451248,2,9.0,6.0,3.0,0.5,5,3.0,2.0,1.5,8,2.0,2.5,1.5,train
0246,0246_L.wav,0246_R.wav,0246.npy,0,-10.070418888048525,4.905960315438473,1.397107438016529,0.2321702798134737,0.15873015873015872,3,10.0,7.0,3.0,0.1,4,2.0,2.5,1.5,6,4.5,1.3,1.5,train
0016,0016_L.wav,0016_R.wav,0016.npy,0,-12.72245396370145,10.402825011301712,1.0733333333333333,0.025811618547821137,-3.2199546485260773,0,6.0,4.0,3.0,0.1,1,1.0,2.0,1.5,13,4.5,2.5,1.5,train
0730,0730_L.wav,0730_R.wav,0730.npy,2,3.6806214567825974,41.269071044564086,0.15284810126582277,-0.6080349122707226,0.4988662131519275,1,8.0,5.0,3.0,0.8,2,1.0,3.0,1.5,0,1.5,1.3,1.5,train
0155,0155_L.wav,0155_R.wav,0155.npy,0,-6.626009664603707,14.437038490989451,0.34936708860759497,0.01136332117856428,-0.13605442176870747,1,8.0,5.0,3.0,0.35,1,1.0,2.0,1.5,10,3.0,2.5,1.5,train
0355,0355_L.wav,0355_R.wav,0355.npy,1,0.3031956143383705,29.782846058570158,0.18812074001947418,-0.3435391191888612,0.31746031746031744,1,8.0,5.0,3.0,0.65,4,2.0,2.5,1.5,4,3.5,1.3,1.5,train
0832,0832_L.wav,0832_R.wav,0832.npy,2,3.4090881373794963,50.1409544438306,0.13416666666666666,0.5423853685114843,-0.4988662131519275,0,6.0,4.0,3.0,0.8,3,2.0,1.5,1.5,16,2.5,3.2,1.5,train
0175,0175_L.wav,0175_R.wav,0175.npy,0,-8.481934755412441,17.900637967372614,0.3066666666666667,0.35993303859358333,3.1746031746031744,0,6.0,4.0,3.0,0.35,0,1.0,1.2,1.5,18,3.5,3.2,1.5,train
0584,0584_L.wav,0584_R.wav,0584.npy,2,5.329960127600869,19.20758708327404,0.39917355371900837,-0.8098748749203517,0.18140589569160998,3,10.0,7.0,3.0,0.35,3,2.0,1.5,1.5,2,2.5,1.3,1.5,train
0707,0707_L.wav,0707_R.wav,0707.npy,2,5.915069525387934,39.87442807083651,0.16465909090909092,0.10773885344881164,-0.06802721088435373,2,9.0,6.0,3.0,0.8,2,1.0,3.0,1.5,16,2.5,3.2,1.5,train
0759,0759_L.wav,0759_R.wav,0759.npy,2,0.7675350462012975,21.339398567104237,0.2794214876033058,-0.5614849225459804,0.47619047619047616,3,10.0,7.0,3.0,0.5,4,2.0,2.5,1.5,2,2.5,1.3,1.5,train
0045,0045_L.wav,0045_R.wav,0045.npy,0,-7.382600743777062,12.59399952406778,0.39917355371900837,0.09250211727816386,4.036281179138323,3,10.0,7.0,3.0,0.35,2,1.0,3.0,1.5,18,3.5,3.2,1.5,train
0553,0553_L.wav,0553_R.wav,0553.npy,1,-1.1142139871607402,11.038860668303592,0.6586363636363637,-0.5515803285661406,0.4308390022675737,2,9.0,6.0,3.0,0.2,5,3.0,2.0,1.5,4,3.5,1.3,1.5,train
0699,0699_L.wav,0699_R.wav,0699.npy,2,6.386402662469393,33.34090306472927,0.18812074001947418,1.1560132968561945,-0.4308390022675737,1,8.0,5.0,3.0,0.65,4,2.0,2.5,1.5,14,1.5,3.2,1.5,train
0775,0775_L.wav,0775_R.wav,0775.npy,2,3.527159236361974,38.70735781887628,0.16512820512820514,0.46259316439510256,-0.22675736961451248,0,6.0,4.0,3.0,0.65,1,1.0,2.0,1.5,8,2.0,2.5,1.5,train
0658,0658_L.wav,0658_R.wav,0658.npy,2,6.817506452102701,33.12978580142161,0.20265734265734264,1.1688544429995211,-0.4308390022675737,2,9.0,6.0,3.0,0.65,4,2.0,2.5,1.5,14,1.5,3.2,1.5,train
0428,0428_L.wav,0428_R.wav,0428.npy,1,-3.880487077998087,26.1090435278911,0.21466666666666667,0.1850579556744591,-0.31746031746031744,0,6.0,4.0,3.0,0.5,5,3.0,2.0,1.5,14,1.5,3.2,1.5,train
0766,0766_L.wav,0766_R.wav,0766.npy,2,18.66711498376054,36.6288631596217,0.26345454545454544,-8.263551389476751,0.5215419501133787,2,9.0,6.0,3.0,0.5,3,2.0,1.5,1.5,1,2.0,1.3,1.5,train
0193,0193_L.wav,0193_R.wav,0193.npy,0,-6.971814204889322,11.03126862172326,0.6113924050632911,0.12051913327556948,-0.40816326530612246,1,8.0,5.0,3.0,0.2,5,3.0,2.0,1.5,19,4.0,3.2,1.5,train
0739,0739_L.wav,0739_R.wav,0739.npy,2,2.5310172671087336,11.430317118080204,1.397107438016529,0.05109333504155746,0.0,3,10.0,7.0,3.0,0.1,4,2.0,2.5,1.5,7,1.5,2.5,1.5,train
0764,0764_L.wav,0764_R.wav,0764.npy,2,3.3252548715265458,33.426639295535196,0.18812074001947418,0.7376529292803234,-0.47619047619047616,1,8.0,5.0,3.0,0.65,5,3.0,2.0,1.5,18,3.5,3.2,1.5,train
0476,0476_L.wav,0476_R.wav,0476.npy,1,-0.6196954400416692,39.007221164941434,0.15284810126582277,-0.12645020359196868,0.22675736961451248,1,8.0,5.0,3.0,0.8,2,1.0,3.0,1.5,6,4.5,1.3,1.5,train
0115,0115_L.wav,0115_R.wav,0115.npy,0,-7.356924132133846,7.30168194939753,1.3172727272727274,0.2998262748730185,0.47619047619047616,2,9.0,6.0,3.0,0.1,4,2.0,2.5,1.5,0,1.5,1.3,1.5,train
0593,0593_L.wav,0593_R.wav,0593.npy,2,28.67479439056605,66.0889148672267,0.13416666666666666,-0.00012642178245880862,0.0,0,6.0,4.0,3.0,0.8,4,2.0,2.5,1.5,8,2.0,2.5,1.5,train
0655,0655_L.wav,0655_R.wav,0655.npy,2,1.2063042906791517,38.174631627726626,0.16465909090909092,0.26537559021514123,-0.36281179138321995,2,9.0,6.0,3.0,0.8,0,1.0,1.2,1.5,17,3.0,3.2,1.5,train
0800,0800_L.wav,0800_R.wav,0800.npy,2,3.575170190798876,39.6567045663712,0.15284810126582277,0.4193426135172448,-0.31746031746031744,1,8.0,5.0,3.0,0.8,1,1.0,2.0,1.5,16,2.5,3.2,1.5,train
0725,0725_L.wav,0725_R.wav,0725.npy,2,10.538069419631945,36.4736711498607,0.20265734265734264,-0.973956266089455,0.18140589569160998,2,9.0,6.0,3.0,0.65,3,2.0,1.5,1.5,2,2.5,1.3,1.5,train
0426,0426_L.wav,0426_R.wav,0426.npy,1,-3.2248059552663513,21.71363486483637,0.24455696202531646,-0.114107932036933,-0.45351473922902497,1,8.0,5.0,3.0,0.5,3,2.0,1.5,1.5,17,3.0,3.2,1.5,train
0240,0240_L.wav,0240_R.wav,0240.npy,0,-10.405990877754645,8.123405971540492,1.2227848101265821,-0.09539702068158142,-0.4988662131519275,1,8.0,5.0,3.0,0.1,3,2.0,1.5,1.5,16,2.5,3.2,1.5,train
0521,0521_L.wav,0521_R.wav,0521.npy,1,-3.4958830294768966,15.213370977556389,0.5366666666666666,0.3111369797080421,-0.4308390022675737,0,6.0,4.0,3.0,0.2,4,2.0,2.5,1.5,16,2.5,3.2,1.5,train
0829,0829_L.wav,0829_R.wav,0829.npy,2,3.323134400456515,36.83946611910695,0.17463842975206612,0.24869082146542704,-0.15873015873015872,3,10.0,7.0,3.0,0.8,4,2.0,2.5,1.5,19,4.0,3.2,1.5,train
0247,0247_L.wav,0247_R.wav,0247.npy,0,-6.059926394086819,19.309406386632592,0.3066666666666667,-0.09421503593300481,-0.022675736961451247,0,6.0,4.0,3.0,0.35,0,1.0,1.2,1.5,2,2.5,1.3,1.5,train
0517,0517_L.wav,0517_R.wav,0517.npy,1,-0.703086192007517,29.701548671824707,0.18812074001947418,0.18818408413803572,-0.15873015873015872,1,8.0,5.0,3.0,0.65,4,2.0,2.5,1.5,19,4.0,3.2,1.5,train
0172,0172_L.wav,0172_R.wav,0172.npy,0,-7.5244989336267185,9.901813713870336,0.6586363636363637,-0.051312541268446095,-0.40816326530612246,2,9.0,6.0,3.0,0.2,0,1.0,1.2,1.5,8,2.0,2.5,1.5,train
0644,0644_L.wav,0644_R.wav,0644.npy,2,2.417787056230199,39.79098494851466,0.16465909090909092,0.46878268102355913,-0.47619047619047616,2,9.0,6.0,3.0,0.8,0,1.0,1.2,1.5,15,2.0,3.2,1.5,train
0140,0140_L.wav,0140_R.wav,0140.npy,0,-7.4758239948248555,8.322355451950205,1.2227848101265821,0.1836562465573583,-0.29478458049886624,1,8.0,5.0,3.0,0.1,4,2.0,2.5,1.5,17,3.0,3.2,1.5,train
0825,0825_L.wav,0825_R.wav,0825.npy,2,5.027750202482071,19.910144084727733,0.3763636363636364,-0.788885360064898,0.18140589569160998,2,9.0,6.0,3.0,0.35,3,2.0,1.5,1.5,0,1.5,1.3,1.5,train
0399,0399_L.wav,0399_R.wav,0399.npy,1,-1.374039896915854,14.599686520506776,0.39917355371900837,0.5329588384172264,-0.47619047619047616,3,10.0,7.0,3.0,0.35,5,3.0,2.0,1.5,16,2.5,3.2,1.5,train
0217,0217_L.wav,0217_R.wav,0217.npy,0,-9.759502889220972,5.3810944326084105,1.397107438016529,0.26876491744044445,-0.11337868480725624,3,10.0,7.0,3.0,0.1,4,2.0,2.5,1.5,19,4.0,3.2,1.5,train
0195,0195_L.wav,0195_R.wav,0195.npy,0,-11.54674079173599,7.246850875033859,1.3172727272727274,0.10366862328667481,-0.4988662131519275,2,9.0,6.0,3.0,0.1,0,1.0,1.2,1.5,14,1.5,3.2,1.5,train
0033,0033_L.wav,0033_R.wav,0033.npy,0,-9.919860031108632,14.000154503636285,0.5366666666666666,0.2752208499938497,-0.4988662131519275,0,6.0,4.0,3.0,0.2,3,2.0,1.5,1.5,14,1.5,3.2,1.5,train
0092,0092_L.wav,0092_R.wav,0092.npy,0,-5.881636461345595,20.620172914184085,0.24455696202531646,0.047182982747591196,4.081632653061225,1,8.0,5.0,3.0,0.5,0,1.0,1.2,1.5,4,3.5,1.3,1.5,train
0642,0642_L.wav,0642_R.wav,0642.npy,2,23.865247281149227,42.98228799477893,0.26345454545454544,0.00019162583409799256,0.0,2,9.0,6.0,3.0,0.5,4,2.0,2.5,1.5,8,2.0,2.5,1.5,train
0206,0206_L.wav,0206_R.wav,0206.npy,0,-7.153478431867103,13.369752723853692,0.34936708860759497,-0.08305010940810312,0.09070294784580499,1,8.0,5.0,3.0,0.35,1,1.0,2.0,1.5,5,4.0,1.3,1.5,train
0272,0272_L.wav,0272_R.wav,0272.npy,0,-8.883468828092054,13.939059662539828,0.5366666666666666,0.11054316368871837,5.442176870748299,0,6.0,4.0,3.0,0.2,3,2.0,1.5,1.5,4,3.5,1.3,1.5,train
0490,0490_L.wav,0490_R.wav,0490.npy,1,-3.9488261554616635,20.389286557712513,0.24455696202531646,-0.19381239708423706,0.15873015873015872,1,8.0,5.0,3.0,0.5,1,1.0,2.0,1.5,3,3.0,1.3,1.5,train
0065,0065_L.wav,0065_R.wav,0065.npy,0,-8.996204074966375,10.407114224773988,0.6113924050632911,1.6002559130146327e-08,0.0,1,8.0,5.0,3.0,0.2,4,2.0,2.5,1.5,12,4.0,2.5,1.5,train
0753,0753_L.wav,0753_R.wav,0753.npy,2,2.397769401644439,16.61136659715242,0.3763636363636364,-1.3998645869389084,0.5442176870748299,2,9.0,6.0,3.0,0.35,5,3.0,2.0,1.5,3,3.0,1.3,1.5,train
0348,0348_L.wav,0348_R.wav,0348.npy,1,-2.6529761059479378,15.124412319759584,0.3763636363636364,0.29231600506324684,-0.36281179138321995,2,9.0,6.0,3.0,0.35,3,2.0,1.5,1.5,10,3.0,2.5,1.5,train
0019,0019_L.wav,0019_R.wav,0019.npy,0,-6.088092061139955,8.670421729800001,0.6985537190082645,-0.07088752094590231,0.40816326530612246,3,10.0,7.0,3.0,0.2,4,2.0,2.5,1.5,3,3.0,1.3,1.5,train
0026,0026_L.wav,0026_R.wav,0026.npy,0,-8.938655530702649,17.885036433588155,0.3066666666666667,-0.11327519405155514,3.492063492063492,0,6.0,4.0,3.0,0.35,2,1.0,3.0,1.5,5,4.0,1.3,1.5,train
0119,0119_L.wav,0119_R.wav,0119.npy,0,-8.265783967196407,5.983973184075905,1.397107438016529,0.04082987575777247,0.40816326530612246,3,10.0,7.0,3.0,0.1,4,2.0,2.5,1.5,3,3.0,1.3,1.5,train
0304,0304_L.wav,0304_R.wav,0304.npy,1,-5.262565972833027,7.092339762680591,1.397107438016529,0.28838940788012696,-0.47619047619047616,3,10.0,7.0,3.0,0.1,3,2.0,1.5,1.5,9,2.5,2.5,1.5,train
0018,0018_L.wav,0018_R.wav,0018.npy,0,-10.0999899890198,5.398503305505995,1.397107438016529,0.018743561667594957,-0.06802721088435373,3,10.0,7.0,3.0,0.1,1,1.0,2.0,1.5,11,3.5,2.5,1.5,train
0710,0710_L.wav,0710_R.wav,0710.npy,2,2.1883881119262796,13.625960577885806,0.6586363636363637,-0.6215617340704058,0.18140589569160998,2,9.0,6.0,3.0,0.2,3,2.0,1.5,1.5,0,1.5,1.3,1.5,train
0311,0311_L.wav,0311_R.wav,0311.npy,1,-2.58355050421095,26.618013941098603,0.21466666666666667,-0.03539588779499516,-0.06802721088435373,0,6.0,4.0,3.0,0.5,2,1.0,3.0,1.5,16,2.5,3.2,1.5,train
0495,0495_L.wav,0495_R.wav,0495.npy,1,-4.035291091086968,20.005407820825234,0.3066666666666667,0.5139571772294872,-0.47619047619047616,0,6.0,4.0,3.0,0.35,3,2.0,1.5,1.5,9,2.5,2.5,1.5,train
0833,0833_L.wav,0833_R.wav,0833.npy,2,2.0119450598821476,30.52738411796045,0.20265734265734264,0.6861829570299066,-0.4988662131519275,2,9.0,6.0,3.0,0.65,0,1.0,1.2,1.5,7,1.5,2.5,1.5,train
0114,0114_L.wav,0114_R.wav,0114.npy,0,-10.696234411393185,8.654045724190146,1.2227848101265821,-0.18363753625175114,-0.4988662131519275,1,8.0,5.0,3.0,0.1,3,2.0,1.5,1.5,14,1.5,3.2,1.5,train
0176,0176_L.wav,0176_R.wav,0176.npy,0,-8.329629334319108,6.156954933950594,1.397107438016529,-0.13265507542715718,0.15873015873015872,3,10.0,7.0,3.0,0.1,2,1.0,3.0,1.5,9,2.5,2.5,1.5,train
0826,0826_L.wav,0826_R.wav,0826.npy,2,2.3340570100338605,36.30426503130762,0.17463842975206612,0.09085083694098077,-0.09070294784580499,3,10.0,7.0,3.0,0.8,1,1.0,2.0,1.5,11,3.5,2.5,1.5,train
0168,0168_L.wav,0168_R.wav,0168.npy,0,-12.548497980452339,13.548874530906305,0.5366666666666666,-0.11817235436028672,-3.696145124716553,0,6.0,4.0,3.0,0.2,2,1.0,3.0,1.5,3,3.0,1.3,1.5,train
0347,0347_L.wav,0347_R.wav,0347.npy,1,-3.5233375889592944,18.87377178741366,0.2794214876033058,-0.14867132556195434,0.15873015873015872,3,10.0,7.0,3.0,0.5,1,1.0,2.0,1.5,3,3.0,1.3,1.5,train
0697,0697_L.wav,0697_R.wav,0697.npy,2,11.75468793772062,45.05182558068566,0.15284810126582277,2.101189672155966,-0.5442176870748299,1,8.0,5.0,3.0,0.8,4,2.0,2.5,1.5,15,2.0,3.2,1.5,train
0679,0679_L.wav,0679_R.wav,0679.npy,2,7.244321155100888,32.03734951343125,0.21493960584869676,1.2085992084656896,-0.4308390022675737,3,10.0,7.0,3.0,0.65,4,2.0,2.5,1.5,16,2.5,3.2,1.5,train
0763,0763_L.wav,0763_R.wav,0763.npy,2,7.95568906895137,35.350390867179755,0.18812074001947418,-1.928096811097505,0.5442176870748299,1,8.0,5.0,3.0,0.65,5,3.0,2.0,1.5,3,3.0,1.3,1.5,train
0384,0384_L.wav,0384_R.wav,0384.npy,1,-4.31706488391287,11.376692982771836,0.6586363636363637,0.16197846703239044,-0.045351473922902494,2,9.0,6.0,3.0,0.2,0,1.0,1.2,1.5,1,2.0,1.3,1.5,train
0309,0309_L.wav,0309_R.wav,0309.npy,1,-5.469945919823162,18.933389874418932,0.3066666666666667,0.15952736193993886,-0.15873015873015872,0,6.0,4.0,3.0,0.35,5,3.0,2.0,1.5,13,4.5,2.5,1.5,train
0421,0421_L.wav,0421_R.wav,0421.npy,1,-2.464246274986534,15.399497182120236,0.3763636363636364,0.4288992379470985,-0.47619047619047616,2,9.0,6.0,3.0,0.35,1,1.0,2.0,1.5,14,1.5,3.2,1.5,train
0308,0308_L.wav,0308_R.wav,0308.npy,1,-0.7603564362390307,26.420065334807976,0.21493960584869676,0.009508838160901485,0.0,3,10.0,7.0,3.0,0.65,4,2.0,2.5,1.5,13,4.5,2.5,1.5,train
0395,0395_L.wav,0395_R.wav,0395.npy,1,0.12323096741632726,22.21504650892699,0.26345454545454544,0.5890303028401331,-0.47619047619047616,2,9.0,6.0,3.0,0.5,1,1.0,2.0,1.5,14,1.5,3.2,1.5,train
0212,0212_L.wav,0212_R.wav,0212.npy,0,-6.5509529778370466,18.418073319571523,0.3066666666666667,0.3817375987598669,-0.5215419501133787,0,6.0,4.0,3.0,0.35,3,2.0,1.5,1.5,15,2.0,3.2,1.5,train
0634,0634_L.wav,0634_R.wav,0634.npy,2,4.096684058968157,39.46871857380001,0.16465909090909092,0.4270006385011442,-0.31746031746031744,2,9.0,6.0,3.0,0.8,5,3.0,2.0,1.5,14,1.5,3.2,1.5,train
0625,0625_L.wav,0625_R.wav,0625.npy,2,15.81773477121673,28.588815318716087,0.3763636363636364,-8.101316250542357,0.5215419501133787,2,9.0,6.0,3.0,0.35,3,2.0,1.5,1.5,1,2.0,1.3,1.5,train
0100,0100_L.wav,0100_R.wav,0100.npy,0,-11.102234610982764,6.23738163854659,1.3172727272727274,-0.08897781520698919,-0.15873015873015872,2,9.0,6.0,3.0,0.1,1,1.0,2.0,1.5,18,3.5,3.2,1.5,train
0200,0200_L.wav,0200_R.wav,0200.npy,0,-6.064644630071,18.97454866094731,0.3066666666666667,-0.07510191059892467,0.22675736961451248,0,6.0,4.0,3.0,0.35,5,3.0,2.0,1.5,0,1.5,1.3,1.5,train
0757,0757_L.wav,0757_R.wav,0757.npy,2,1.658278579886689,48.1115750647092,0.13416666666666666,0.20267409344810683,-0.27210884353741494,0,6.0,4.0,3.0,0.8,0,1.0,1.2,1.5,10,3.0,2.5,1.5,train
0289,0289_L.wav,0289_R.wav,0289.npy,1,-2.3703866763747623,18.76721583639093,0.2794214876033058,0.05032453099528213,-4.625850340136054,3,10.0,7.0,3.0,0.5,3,2.0,1.5,1.5,5,4.0,1.3,1.5,train
0380,0380_L.wav,0380_R.wav,0380.npy,1,-3.5077821990356965,13.94101972198717,0.3763636363636364,0.21778624855198553,-0.15873015873015872,2,9.0,6.0,3.0,0.35,5,3.0,2.0,1.5,13,4.5,2.5,1.5,train
0093,0093_L.wav,0093_R.wav,0093.npy,0,-10.637386620969496,5.207624369950203,1.397107438016529,-0.004709408665641843,-0.13605442176870747,3,10.0,7.0,3.0,0.1,0,1.0,1.2,1.5,13,4.5,2.5,1.5,train
0489,0489_L.wav,0489_R.wav,0489.npy,1,-5.377309494470315,25.82243240817698,0.21466666666666667,-0.09404173442828961,0.3854875283446712,0,6.0,4.0,3.0,0.5,2,1.0,3.0,1.5,2,2.5,1.3,1.5,train
0768,0768_L.wav,0768_R.wav,0768.npy,2,10.830190542974394,24.36848172348167,0.5366666666666666,-7.512202498248471,0.5215419501133787,0,6.0,4.0,3.0,0.2,3,2.0,1.5,1.5,1,2.0,1.3,1.5,train
0511,0511_L.wav,0511_R.wav,0511.npy,1,-5.027920860440566,11.786981081484832,1.0733333333333333,-0.4503819045109827,0.4308390022675737,0,6.0,4.0,3.0,0.1,5,3.0,2.0,1.5,2,2.5,1.3,1.5,train
0356,0356_L.wav,0356_R.wav,0356.npy,1,-2.865861220861272,26.089467689010046,0.21466666666666667,-0.1012277814788046,0.22675736961451248,0,6.0,4.0,3.0,0.5,1,1.0,2.0,1.5,2,2.5,1.3,1.5,train
0566,0566_L.wav,0566_R.wav,0566.npy,2,4.744446849083158,20.210161286600826,0.34936708860759497,-0.7835578124431586,0.18140589569160998,1,8.0,5.0,3.0,0.35,3,2.0,1.5,1.5,2,2.5,1.3,1.5,train
0831,0831_L.wav,0831_R.wav,0831.npy,2,1.5151456890889037,22.171978914373707,0.3066666666666667,0.9601238114458341,-0.36281179138321995,0,6.0,4.0,3.0,0.35,1,1.0,2.0,1.5,7,1.5,2.5,1.5,train
0776,0776_L.wav,0776_R.wav,0776.npy,2,0.6606192777666378,9.981045381346513,1.397107438016529,0.6880138096935452,-0.18140589569160998,3,10.0,7.0,3.0,0.1,2,1.0,3.0,1.5,14,1.5,3.2,1.5,train
0378,0378_L.wav,0378_R.wav,0378.npy,1,-2.0242985876128214,15.396660412699477,0.3763636363636364,-0.01172852381550759,0.0,2,9.0,6.0,3.0,0.35,4,2.0,2.5,1.5,11,3.5,2.5,1.5,train
0638,0638_L.wav,0638_R.wav,0638.npy,2,0.4965518222925894,18.322828320870176,0.34936708860759497,-0.7660311595487462,0.4308390022675737,1,8.0,5.0,3.0,0.35,1,1.0,2.0,1.5,0,1.5,1.3,1.5,train
0769,0769_L.wav,0769_R.wav,0769.npy,2,0.8488299380216615,37.15868022655635,0.16512820512820514,0.4499343919100579,-0.40816326530612246,0,6.0,4.0,3.0,0.65,5,3.0,2.0,1.5,19,4.0,3.2,1.5,train
0109,0109_L.wav,0109_R.wav,0109.npy,0,-9.65123792383737,8.60703944183417,1.2227848101265821,0.226914674952344,-0.40816326530612246,1,8.0,5.0,3.0,0.1,1,1.0,2.0,1.5,15,2.0,3.2,1.5,train
0269,0269_L.wav,0269_R.wav,0269.npy,0,-6.821874983020483,12.376287841204594,0.39917355371900837,-0.09361833272132263,0.20408163265306123,3,10.0,7.0,3.0,0.35,2,1.0,3.0,1.5,4,3.5,1.3,1.5,train
0741,0741_L.wav,0741_R.wav,0741.npy,2,3.2510969430391548,39.593595642920306,0.16465909090909092,0.36881837464987377,-0.3401360544217687,2,9.0,6.0,3.0,0.8,0,1.0,1.2,1.5,9,2.5,2.5,1.5,train
0210,0210_L.wav,0210_R.wav,0210.npy,0,-8.386490215629998,7.876592643924818,1.2227848101265821,0.10814614077378851,-0.36281179138321995,1,8.0,5.0,3.0,0.1,3,2.0,1.5,1.5,10,3.0,2.5,1.5,train
0480,0480_L.wav,0480_R.wav,0480.npy,1,-4.770977935430122,11.573211863387158,0.6113924050632911,-0.13540867359775322,0.22675736961451248,1,8.0,5.0,3.0,0.2,2,1.0,3.0,1.5,8,2.0,2.5,1.5,train
0685,0685_L.wav,0685_R.wav,0685.npy,2,2.3498385073088954,12.670505418207366,0.6586363636363637,1.9878239385093568,-0.5215419501133787,2,9.0,6.0,3.0,0.2,5,3.0,2.0,1.5,10,3.0,2.5,1.5,train
0142,0142_L.wav,0142_R.wav,0142.npy,0,-6.381600380446418,14.063950528248089,0.5366666666666666,0.4131627327354808,-0.47619047619047616,0,6.0,4.0,3.0,0.2,5,3.0,2.0,1.5,16,2.5,3.2,1.5,train
0500,0500_L.wav,0500_R.wav,0500.npy,1,-5.23325542068587,25.442247797222414,0.21466666666666667,0.11692811169021239,-0.27210884353741494,0,6.0,4.0,3.0,0.5,1,1.0,2.0,1.5,17,3.0,3.2,1.5,train
0556,0556_L.wav,0556_R.wav,0556.npy,1,-0.6662765450297313,22.694497380424487,0.24455696202531646,1.9132845155099376e-08,0.0,1,8.0,5.0,3.0,0.5,4,2.0,2.5,1.5,11,3.5,2.5,1.5,train
0086,0086_L.wav,0086_R.wav,0086.npy,0,-7.473315413290058,12.996854100568015,0.3763636363636364,-0.009330892492966607,-0.13605442176870747,2,9.0,6.0,3.0,0.35,1,1.0,2.0,1.5,19,4.0,3.2,1.5,train
0462,0462_L.wav,0462_R.wav,0462.npy,1,-2.820952016820275,10.370428704225983,0.6985537190082645,0.06870580953219765,-0.11337868480725624,3,10.0,7.0,3.0,0.2,2,1.0,3.0,1.5,15,2.0,3.2,1.5,train
0474,0474_L.wav,0474_R.wav,0474.npy,1,-2.957282102073158,16.7040651301365,0.34936708860759497,0.4077258259836625,-0.47619047619047616,1,8.0,5.0,3.0,0.35,1,1.0,2.0,1.5,14,1.5,3.2,1.5,train
0291,0291_L.wav,0291_R.wav,0291.npy,1,-5.469945923561978,18.93338990479296,0.3066666666666667,0.15952735835073745,-0.15873015873015872,0,6.0,4.0,3.0,0.35,5,3.0,2.0,1.5,7,1.5,2.5,1.5,train
0167,0167_L.wav,0167_R.wav,0167.npy,0,-11.743148825688237,10.933257068696928,1.0733333333333333,0.33442501132265345,7.324263038548753,0,6.0,4.0,3.0,0.1,3,2.0,1.5,1.5,13,4.5,2.5,1.5,train
0028,0028_L.wav,0028_R.wav,0028.npy,0,-6.0447365765035945,12.680113005253588,0.39917355371900837,0.2428476113137862,4.195011337868481,3,10.0,7.0,3.0,0.35,3,2.0,1.5,1.5,12,4.0,2.5,1.5,train
0724,0724_L.wav,0724_R.wav,0724.npy,2,2.5711675795386175,38.35802074685335,0.16465909090909092,0.26456201918654215,-0.27210884353741494,2,9.0,6.0,3.0,0.8,1,1.0,2.0,1.5,17,3.0,3.2,1.5,train
0668,0668_L.wav,0668_R.wav,0668.npy,2,5.298750478138326,24.81900543842469,0.24455696202531646,1.7432408165629942,-0.5442176870748299,1,8.0,5.0,3.0,0.5,4,2.0,2.5,1.5,15,2.0,3.2,1.5,train
0077,0077_L.wav,0077_R.wav,0077.npy,0,-8.57898011853879,9.101720223923015,0.6586363636363637,-0.01586052160398987,4.058956916099773,2,9.0,6.0,3.0,0.2,1,1.0,2.0,1.5,17,3.0,3.2,1.5,train
0745,0745_L.wav,0745_R.wav,0745.npy,2,3.5265100355415946,31.16605687353058,0.18812074001947418,-0.48850063224690166,0.29478458049886624,1,8.0,5.0,3.0,0.65,5,3.0,2.0,1.5,1,2.0,1.3,1.5,train
0432,0432_L.wav,0432_R.wav,0432.npy,1,0.3364865036880624,9.571024518270637,1.397107438016529,-0.4988652274115849,0.18140589569160998,3,10.0,7.0,3.0,0.1,3,2.0,1.5,1.5,2,2.5,1.3,1.5,train
0488,0488_L.wav,0488_R.wav,0488.npy,1,-3.7512751993193683,12.326524036593538,1.0733333333333333,0.5461151749185915,-0.36281179138321995,0,6.0,4.0,3.0,0.1,1,1.0,2.0,1.5,7,1.5,2.5,1.5,train
0527,0527_L.wav,0527_R.wav,0527.npy,1,-1.0259103360530617,36.079627816357224,0.16512820512820514,0.2818714061985716,-0.45351473922902497,0,6.0,4.0,3.0,0.65,3,2.0,1.5,1.5,17,3.0,3.2,1.5,train
0266,0266_L.wav,0266_R.wav,0266.npy,0,-7.609578502899228,8.628269101372206,0.6985537190082645,0.2104390086756366,-5.034013605442177,3,10.0,7.0,3.0,0.2,1,1.0,2.0,1.5,16,2.5,3.2,1.5,train
0237,0237_L.wav,0237_R.wav,0237.npy,0,-8.67767159160355,10.226125190615381,0.6113924050632911,-0.2879063843606676,5.034013605442177,1,8.0,5.0,3.0,0.2,4,2.0,2.5,1.5,4,3.5,1.3,1.5,train
0377,0377_L.wav,0377_R.wav,0377.npy,1,-3.286212267653025,19.75843775786423,0.3066666666666667,0.4512204948709907,-0.47619047619047616,0,6.0,4.0,3.0,0.35,5,3.0,2.0,1.5,16,2.5,3.2,1.5,train
0435,0435_L.wav,0435_R.wav,0435.npy,1,-3.1567572298205726,7.688718226497748,1.3172727272727274,-0.7470969250031718,0.5442176870748299,2,9.0,6.0,3.0,0.1,5,3.0,2.0,1.5,3,3.0,1.3,1.5,train
0524,0524_L.wav,0524_R.wav,0524.npy,1,-2.3448698528583747,15.854074382089232,0.34936708860759497,0.48495951062516085,-0.5215419501133787,1,8.0,5.0,3.0,0.35,5,3.0,2.0,1.5,17,3.0,3.2,1.5,train
0244,0244_L.wav,0244_R.wav,0244.npy,0,-13.007292658475455,7.582715674966658,1.2227848101265821,-0.0800816230023908,0.20408163265306123,1,8.0,5.0,3.0,0.1,2,1.0,3.0,1.5,5,4.0,1.3,1.5,train
0295,0295_L.wav,0295_R.wav,0295.npy,1,-5.299093268835159,13.994292870248417,0.3763636363636364,-0.02429449417459883,4.625850340136054,2,9.0,6.0,3.0,0.35,2,1.0,3.0,1.5,17,3.0,3.2,1.5,train
0404,0404_L.wav,0404_R.wav,0404.npy,1,0.009325592999666642,33.50587248819272,0.17463842975206612,-0.09377247141152274,0.06802721088435373,3,10.0,7.0,3.0,0.8,2,1.0,3.0,1.5,13,4.5,2.5,1.5,train
0661,0661_L.wav,0661_R.wav,0661.npy,2,14.297948066638497,22.495166049341428,1.2227848101265821,2.0730919010221858e-10,0.0,1,8.0,5.0,3.0,0.1,4,2.0,2.5,1.5,8,2.0,2.5,1.5,train
0302,0302_L.wav,0302_R.wav,0302.npy,1,-3.5845275117272877,10.168601518012627,0.6985537190082645,0.1778277509395941,-0.22675736961451248,3,10.0,7.0,3.0,0.2,1,1.0,2.0,1.5,8,2.0,2.5,1.5,train
0248,0248_L.wav,0248_R.wav,0248.npy,0,-8.37134105327373,11.189945748258872,0.6113924050632911,-0.022592489507583403,0.4988662131519275,1,8.0,5.0,3.0,0.2,2,1.0,3.0,1.5,0,1.5,1.3,1.5,train
0503,0503_L.wav,0503_R.wav,0503.npy,1,-3.866028149859801,16.221328018221516,0.34936708860759497,0.23998516676819803,-0.40816326530612246,1,8.0,5.0,3.0,0.35,5,3.0,2.0,1.5,19,4.0,3.2,1.5,train
0111,0111_L.wav,0111_R.wav,0111.npy,0,-5.926125087851341,8.687723117382536,1.2227848101265821,-0.041558044525234,0.11337868480725624,1,8.0,5.0,3.0,0.1,3,2.0,1.5,1.5,3,3.0,1.3,1.5,train
0148,0148_L.wav,0148_R.wav,0148.npy,0,-10.982204437461869,13.317213641709998,0.5366666666666666,-0.1177217885707796,-0.13605442176870747,0,6.0,4.0,3.0,0.2,1,1.0,2.0,1.5,19,4.0,3.2,1.5,train
0595,0595_L.wav,0595_R.wav,0595.npy,2,18.887510647280997,27.122674255981764,0.6985537190082645,0.0015264154917073427,0.0,3,10.0,7.0,3.0,0.2,4,2.0,2.5,1.5,8,2.0,2.5,1.5,train
0461,0461_L.wav,0461_R.wav,0461.npy,1,-4.558321008476321,19.907119033364104,0.26345454545454544,0.2346472778034388,-0.4308390022675737,2,9.0,6.0,3.0,0.5,0,1.0,1.2,1.5,16,2.5,3.2,1.5,train
0051,0051_L.wav,0051_R.wav,0051.npy,0,-7.594881340939582,8.373814793282245,0.6985537190082645,0.048109300124892444,5.034013605442177,3,10.0,7.0,3.0,0.2,4,2.0,2.5,1.5,4,3.5,1.3,1.5,train
0137,0137_L.wav,0137_R.wav,0137.npy,0,-7.673899917324133,10.637647653014405,0.6113924050632911,0.04748509252828757,-0.15873015873015872,1,8.0,5.0,3.0,0.2,1,1.0,2.0,1.5,9,2.5,2.5,1.5,train
0357,0357_L.wav,0357_R.wav,0357.npy,1,-2.47216366018933,27.451266525369423,0.20265734265734264,0.27318577465514476,-0.36281179138321995,2,9.0,6.0,3.0,0.65,0,1.0,1.2,1.5,17,3.0,3.2,1.5,train
0046,0046_L.wav,0046_R.wav,0046.npy,0,-8.8411570168195,8.910610588516407,1.2227848101265821,0.2470141593250684,-5.419501133786848,1,8.0,5.0,3.0,0.1,0,1.0,1.2,1.5,2,2.5,1.3,1.5,train
0090,0090_L.wav,0090_R.wav,0090.npy,0,-8.581179302558573,10.773094071477203,0.6113924050632911,-0.07074875855284413,0.24943310657596374,1,8.0,5.0,3.0,0.2,2,1.0,3.0,1.5,1,2.0,1.3,1.5,train
0472,0472_L.wav,0472_R.wav,0472.npy,1,-0.5347348521628233,16.7443400053586,0.34936708860759497,-0.0801684803485292,0.11337868480725624,1,8.0,5.0,3.0,0.35,3,2.0,1.5,1.5,3,3.0,1.3,1.5,train
0157,0157_L.wav,0157_R.wav,0157.npy,0,-6.683329392772658,18.9964575934667,0.24455696202531646,0.08382568479562293,-3.650793650793651,1,8.0,5.0,3.0,0.5,2,1.0,3.0,1.5,19,4.0,3.2,1.5,train
0544,0544_L.wav,0544_R.wav,0544.npy,1,-5.689720985656068,17.482933028208365,0.2794214876033058,0.05335590153416097,-0.22675736961451248,3,10.0,7.0,3.0,0.5,0,1.0,1.2,1.5,19,4.0,3.2,1.5,train
0791,0791_L.wav,0791_R.wav,0791.npy,2,3.4001441754606136,23.494267499416743,0.3066666666666667,-0.714357867926681,0.18140589569160998,0,6.0,4.0,3.0,0.35,3,2.0,1.5,1.5,0,1.5,1.3,1.5,train
0180,0180_L.wav,0180_R.wav,0180.npy,0,-6.221004725057512,18.09733018205202,0.3066666666666667,-0.05062233839360671,4.671201814058957,0,6.0,4.0,3.0,0.35,1,1.0,2.0,1.5,3,3.0,1.3,1.5,train
0389,0389_L.wav,0389_R.wav,0389.npy,1,-2.022475717281342,16.00647463220351,0.34936708860759497,-0.37582476173493173,0.29478458049886624,1,8.0,5.0,3.0,0.35,5,3.0,2.0,1.5,1,2.0,1.3,1.5,train
0405,0405_L.wav,0405_R.wav,0405.npy,1,-1.070839522534699,29.48523597633581,0.18812074001947418,-0.21716801220038506,0.27210884353741494,1,8.0,5.0,3.0,0.65,4,2.0,2.5,1.5,5,4.0,1.3,1.5,train
0238,0238_L.wav,0238_R.wav,0238.npy,0,-9.910867953080606,13.237834766211014,0.5366666666666666,0.47653860839805307,7.09750566893424,0,6.0,4.0,3.0,0.2,0,1.0,1.2,1.5,17,3.0,3.2,1.5,train
0299,0299_L.wav,0299_R.wav,0299.npy,1,-0.04433955008586027,28.07146337334038,0.21493960584869676,0.2985186384884896,-0.3401360544217687,3,10.0,7.0,3.0,0.65,0,1.0,1.2,1.5,9,2.5,2.5,1.5,train
0460,0460_L.wav,0460_R.wav,0460.npy,1,-0.987312448711284,42.260363691999025,0.13416666666666666,0.08698143620178304,-0.18140589569160998,0,6.0,4.0,3.0,0.8,0,1.0,1.2,1.5,13,4.5,2.5,1.5,train
0815,0815_L.wav,0815_R.wav,0815.npy,2,7.534416936684467,27.57220241576342,0.24455696202531646,-0.8950456078478941,0.18140589569160998,1,8.0,5.0,3.0,0.5,3,2.0,1.5,1.5,2,2.5,1.3,1.5,train
0009,0009_L.wav,0009_R.wav,0009.npy,0,-8.491866025849115,7.524316098611612,0.6985537190082645,0.16435493184261152,-0.15873015873015872,3,10.0,7.0,3.0,0.2,1,1.0,2.0,1.5,18,3.5,3.2,1.5,train
0170,0170_L.wav,0170_R.wav,0170.npy,0,-8.034541440214921,8.531165475092696,1.2227848101265821,-0.1754852089229958,0.47619047619047616,1,8.0,5.0,3.0,0.1,4,2.0,2.5,1.5,0,1.5,1.3,1.5,train
0245,0245_L.wav,0245_R.wav,0245.npy,0,-8.19809346773748,6.4002288162184895,1.397107438016529,-0.09151321071053886,0.22675736961451248,3,10.0,7.0,3.0,0.1,1,1.0,2.0,1.5,2,2.5,1.3,1.5,train
0066,0066_L.wav,0066_R.wav,0066.npy,0,-11.653210232541117,11.010614680632681,1.0733333333333333,0.20484622118715143,4.73922902494331,0,6.0,4.0,3.0,0.1,3,2.0,1.5,1.5,11,3.5,2.5,1.5,train
0692,0692_L.wav,0692_R.wav,0692.npy,2,2.047684638591502,35.75482006264871,0.17463842975206612,0.07235029205872322,-0.045351473922902494,3,10.0,7.0,3.0,0.8,2,1.0,3.0,1.5,18,3.5,3.2,1.5,train
0798,0798_L.wav,0798_R.wav,0798.npy,2,2.0516795656028246,47.846915838702884,0.13416666666666666,-0.19401243828633727,0.15873015873015872,0,6.0,4.0,3.0,0.8,1,1.0,2.0,1.5,3,3.0,1.3,1.5,train
0259,0259_L.wav,0259_R.wav,0259.npy,0,-10.961416789018747,8.499248297288624,0.6586363636363637,-0.09589751818058417,-4.058956916099773,2,9.0,6.0,3.0,0.2,3,2.0,1.5,1.5,13,4.5,2.5,1.5,train
0336,0336_L.wav,0336_R.wav,0336.npy,1,-0.4829085395138765,27.609531375097838,0.21466666666666667,0.5466838666583199,-0.47619047619047616,0,6.0,4.0,3.0,0.5,5,3.0,2.0,1.5,16,2.5,3.2,1.5,train
0627,0627_L.wav,0627_R.wav,0627.npy,2,12.448046205361953,48.52461235701844,0.17463842975206612,0.5612650079588337,-0.11337868480725624,3,10.0,7.0,3.0,0.8,0,1.0,1.2,1.5,0,1.5,1.3,1.5,train
0124,0124_L.wav,0124_R.wav,0124.npy,0,-5.788353601392008,17.10428462408625,0.2794214876033058,0.09401894763255436,-3.650793650793651,3,10.0,7.0,3.0,0.5,2,1.0,3.0,1.5,19,4.0,3.2,1.5,train
0104,0104_L.wav,0104_R.wav,0104.npy,0,-7.362788709512335,14.484845126568082,0.34936708860759497,0.04567031505885977,-0.15873015873015872,1,8.0,5.0,3.0,0.35,1,1.0,2.0,1.5,18,3.5,3.2,1.5,train
0545,0545_L.wav,0545_R.wav,0545.npy,1,-0.3254379633018649,39.05384410785495,0.15284810126582277,0.05654272360007034,-0.022675736961451247,1,8.0,5.0,3.0,0.8,0,1.0,1.2,1.5,6,4.5,1.3,1.5,train
0740,0740_L.wav,0740_R.wav,0740.npy,2,4.504737736586294,20.331869097025837,0.34936708860759497,-0.7722923072259671,0.18140589569160998,1,8.0,5.0,3.0,0.35,3,2.0,1.5,1.5,0,1.5,1.3,1.5,train
0277,0277_L.wav,0277_R.wav,0277.npy,0,-6.237944369271714,13.800904026369228,0.3763636363636364,0.13606391737508206,-4.671201814058957,2,9.0,6.0,3.0,0.35,3,2.0,1.5,1.5,18,3.5,3.2,1.5,train
0672,0672_L.wav,0672_R.wav,0672.npy,2,1.3836438441716459,37.110997664794915,0.16465909090909092,0.17275879555644458,-0.22675736961451248,2,9.0,6.0,3.0,0.8,1,1.0,2.0,1.5,18,3.5,3.2,1.5,train
0588,0588_L.wav,0588_R.wav,0588.npy,2,12.398368281632703,45.20084583694864,0.17463842975206612,1.5381075570753577,-0.36281179138321995,3,10.0,7.0,3.0,0.8,5,3.0,2.0,1.5,9,2.5,2.5,1.5,train
0068,0068_L.wav,0068_R.wav,0068.npy,0,-10.068073684966576,7.020417556081206,1.3172727272727274,0.03127863260097354,4.01360544217687,2,9.0,6.0,3.0,0.1,0,1.0,1.2,1.5,15,2.0,3.2,1.5,train
0203,0203_L.wav,0203_R.wav,0203.npy,0,-7.097991819522597,8.923610944144674,1.2227848101265821,0.035413165083315254,-0.22675736961451248,1,8.0,5.0,3.0,0.1,1,1.0,2.0,1.5,8,2.0,2.5,1.5,train
0787,0787_L.wav,0787_R.wav,0787.npy,2,1.7445957306181947,16.812784225232907,0.3763636363636364,-0.8182853210177409,0.4308390022675737,2,9.0,6.0,3.0,0.35,5,3.0,2.0,1.5,4,3.5,1.3,1.5,train
0117,0117_L.wav,0117_R.wav,0117.npy,0,-12.671386362918934,6.340988965985046,1.3172727272727274,-0.20276614271407845,0.18140589569160998,2,9.0,6.0,3.0,0.1,2,1.0,3.0,1.5,6,4.5,1.3,1.5,train
0024,0024_L.wav,0024_R.wav,0024.npy,0,-6.634128656465929,12.560136890086834,0.3763636363636364,0.000922210343024013,0.09070294784580499,2,9.0,6.0,3.0,0.35,1,1.0,2.0,1.5,5,4.0,1.3,1.5,train
0098,0098_L.wav,0098_R.wav,0098.npy,0,-11.70909512242834,5.6383383673944625,1.3172727272727274,-0.002847302382536132,0.06802721088435373,2,9.0,6.0,3.0,0.1,1,1.0,2.0,1.5,6,4.5,1.3,1.5,train
0780,0780_L.wav,0780_R.wav,0780.npy,2,0.8488299386618814,37.15868015914212,0.16512820512820514,0.4499343934184316,-0.40816326530612246,0,6.0,4.0,3.0,0.65,5,3.0,2.0,1.5,15,2.0,3.2,1.5,train
0183,0183_L.wav,0183_R.wav,0183.npy,0,-6.726415505737547,8.235987734553085,0.6985537190082645,-0.12111394695259331,0.11337868480725624,3,10.0,7.0,3.0,0.2,1,1.0,2.0,1.5,3,3.0,1.3,1.5,train
0152,0152_L.wav,0152_R.wav,0152.npy,0,-6.60817318439088,13.843935737724832,0.3763636363636364,0.3277487328733439,-0.24943310657596374,2,9.0,6.0,3.0,0.35,0,1.0,1.2,1.5,17,3.0,3.2,1.5,train
0424,0424_L.wav,0424_R.wav,0424.npy,1,-2.9749867994387653,24.97045328415663,0.21493960584869676,0.07624509867712534,-3.2426303854875282,3,10.0,7.0,3.0,0.65,0,1.0,1.2,1.5,6,4.5,1.3,1.5,train
0736,0736_L.wav,0736_R.wav,0736.npy,2,5.577636785603961,30.780873169504584,0.21493960584869676,-0.17247439071147316,0.11337868480725624,3,10.0,7.0,3.0,0.65,3,2.0,1.5,1.5,3,3.0,1.3,1.5,train
0322,0322_L.wav,0322_R.wav,0322.npy,1,-3.760026707344065,26.028206477254514,0.20265734265734264,-0.04952293112858434,-0.29478458049886624,2,9.0,6.0,3.0,0.65,0,1.0,1.2,1.5,19,4.0,3.2,1.5,train
0041,0041_L.wav,0041_R.wav,0041.npy,0,-11.259477936189569,11.265223326493576,1.0733333333333333,0.02590487945379131,4.671201814058957,0,6.0,4.0,3.0,0.1,2,1.0,3.0,1.5,2,2.5,1.3,1.5,train
0590,0590_L.wav,0590_R.wav,0590.npy,2,2.553165823223628,38.25372893483421,0.16465909090909092,-0.2358611357602679,0.15873015873015872,2,9.0,6.0,3.0,0.8,1,1.0,2.0,1.5,3,3.0,1.3,1.5,train
0646,0646_L.wav,0646_R.wav,0646.npy,2,1.7606685731568175,16.578440060408145,0.39917355371900837,-0.8310130915611504,0.4308390022675737,3,10.0,7.0,3.0,0.35,5,3.0,2.0,1.5,2,2.5,1.3,1.5,train
0496,0496_L.wav,0496_R.wav,0496.npy,1,-2.6229536182611235,26.675920365450043,0.20265734265734264,-0.06540494465838156,0.22675736961451248,2,9.0,6.0,3.0,0.65,4,2.0,2.5,1.5,6,4.5,1.3,1.5,train
0807,0807_L.wav,0807_R.wav,0807.npy,2,4.42603272873307,50.51929145994272,0.13416666666666666,0.5858935195473461,-0.40816326530612246,0,6.0,4.0,3.0,0.8,5,3.0,2.0,1.5,19,4.0,3.2,1.5,train
0397,0397_L.wav,0397_R.wav,0397.npy,1,-3.331130864918884,20.611777549661895,0.26345454545454544,-0.0135298118284481,-0.022675736961451247,2,9.0,6.0,3.0,0.5,0,1.0,1.2,1.5,3,3.0,1.3,1.5,train
0678,0678_L.wav,0678_R.wav,0678.npy,2,14.100517866119805,47.54439971882748,0.17463842975206612,-1.02914140988994,0.18140589569160998,3,10.0,7.0,3.0,0.8,3,2.0,1.5,1.5,2,2.5,1.3,1.5,train
0095,0095_L.wav,0095_R.wav,0095.npy,0,-9.700242315982692,7.0719691817157475,1.3172727272727274,-0.01910789578720401,-0.4988662131519275,2,9.0,6.0,3.0,0.1,3,2.0,1.5,1.5,14,1.5,3.2,1.5,train
0671,0671_L.wav,0671_R.wav,0671.npy,2,9.12009947512882,44.623746231850475,0.15284810126582277,-1.2690868604396588,0.4308390022675737,1,8.0,5.0,3.0,0.8,1,1.0,2.0,1.5,0,1.5,1.3,1.5,train
0037,0037_L.wav,0037_R.wav,0037.npy,0,-9.774410793719778,11.667130033653539,1.0733333333333333,0.4067681409564036,-0.47619047619047616,0,6.0,4.0,3.0,0.1,3,2.0,1.5,1.5,7,1.5,2.5,1.5,train
0400,0400_L.wav,0400_R.wav,0400.npy,1,-5.085354341561789,10.048811138898241,0.6586363636363637,-0.029178115220746474,0.47619047619047616,2,9.0,6.0,3.0,0.2,4,2.0,2.5,1.5,2,2.5,1.3,1.5,train
0388,0388_L.wav,0388_R.wav,0388.npy,1,-2.469902319289908,9.870092343853361,1.2227848101265821,0.6460966695416666,-0.36281179138321995,1,8.0,5.0,3.0,0.1,5,3.0,2.0,1.5,9,2.5,2.5,1.5,train
0621,0621_L.wav,0621_R.wav,0621.npy,2,7.222120724181841,28.08578885932696,0.24455696202531646,0.9005011002682288,-0.18140589569160998,1,8.0,5.0,3.0,0.5,2,1.0,3.0,1.5,14,1.5,3.2,1.5,train
0824,0824_L.wav,0824_R.wav,0824.npy,2,3.939036896865244,29.22381075177249,0.21493960584869676,0.7908887675967862,-0.47619047619047616,3,10.0,7.0,3.0,0.65,5,3.0,2.0,1.5,18,3.5,3.2,1.5,train
0717,0717_L.wav,0717_R.wav,0717.npy,2,5.617436238750234,31.780669049810246,0.20265734265734264,0.20188158451571875,-0.11337868480725624,2,9.0,6.0,3.0,0.65,2,1.0,3.0,1.5,15,2.0,3.2,1.5,train
0393,0393_L.wav,0393_R.wav,0393.npy,1,-5.2544822695870685,7.321447546089674,1.397107438016529,0.3697159804338223,-0.47619047619047616,3,10.0,7.0,3.0,0.1,3,2.0,1.5,1.5,7,1.5,2.5,1.5,train
0002,0002_L.wav,0002_R.wav,0002.npy,0,-6.459278815401842,8.541361356166572,1.2227848101265821,0.15936969321624062,-0.47619047619047616,1,8.0,5.0,3.0,0.1,3,2.0,1.5,1.5,9,2.5,2.5,1.5,train
0362,0362_L.wav,0362_R.wav,0362.npy,1,-0.12846708123182493,12.364792763270193,0.6586363636363637,0.8412131713707366,-0.36281179138321995,2,9.0,6.0,3.0,0.2,1,1.0,2.0,1.5,7,1.5,2.5,1.5,train
0231,0231_L.wav,0231_R.wav,0231.npy,0,-12.680222794256785,10.825717272649673,1.0733333333333333,0.028670979746478864,-0.15873015873015872,0,6.0,4.0,3.0,0.1,0,1.0,1.2,1.5,11,3.5,2.5,1.5,train
0255,0255_L.wav,0255_R.wav,0255.npy,0,-8.166353605859006,17.627857586075677,0.3066666666666667,0.1224694637147134,-3.650793650793651,0,6.0,4.0,3.0,0.35,2,1.0,3.0,1.5,19,4.0,3.2,1.5,train
0000,0000_L.wav,0000_R.wav,0000.npy,0,-8.614383103865634,5.986163727944201,1.397107438016529,-0.04317300981433631,0.22675736961451248,3,10.0,7.0,3.0,0.1,5,3.0,2.0,1.5,0,1.5,1.3,1.5,train
0777,0777_L.wav,0777_R.wav,0777.npy,2,1.6415332279340316,26.289772451418358,0.21493960584869676,-0.2095596870877253,0.22675736961451248,3,10.0,7.0,3.0,0.65,5,3.0,2.0,1.5,6,4.5,1.3,1.5,train
0645,0645_L.wav,0645_R.wav,0645.npy,2,1.82065756121027,38.322467415185876,0.16465909090909092,-0.2619906417213665,0.3401360544217687,2,9.0,6.0,3.0,0.8,2,1.0,3.0,1.5,3,3.0,1.3,1.5,train
0101,0101_L.wav,0101_R.wav,0101.npy,0,-7.307596253001537,18.40745568048986,0.3066666666666667,-0.1767751914851593,-0.022675736961451247,0,6.0,4.0,3.0,0.35,0,1.0,1.2,1.5,4,3.5,1.3,1.5,train
0298,0298_L.wav,0298_R.wav,0298.npy,1,-3.604599370989531,13.836214934131501,0.39917355371900837,0.2692086906651545,-0.40816326530612246,3,10.0,7.0,3.0,0.35,1,1.0,2.0,1.5,15,2.0,3.2,1.5,train
0276,0276_L.wav,0276_R.wav,0276.npy,0,-7.193568068849028,11.41136158883028,0.6113924050632911,0.21608900072425827,-5.419501133786848,1,8.0,5.0,3.0,0.2,0,1.0,1.2,1.5,2,2.5,1.3,1.5,train
0204,0204_L.wav,0204_R.wav,0204.npy,0,-10.276894039288692,8.295929972138726,1.2227848101265821,0.0330090567198797,4.671201814058957,1,8.0,5.0,3.0,0.1,2,1.0,3.0,1.5,2,2.5,1.3,1.5,train
0340,0340_L.wav,0340_R.wav,0340.npy,1,-3.9870988606441427,11.981452109146149,0.6113924050632911,0.11411301043675018,-0.11337868480725624,1,8.0,5.0,3.0,0.2,2,1.0,3.0,1.5,15,2.0,3.2,1.5,train
0514,0514_L.wav,0514_R.wav,0514.npy,1,-3.3292019630528187,15.404765791554302,0.3763636363636364,0.41207718253762804,-0.4988662131519275,2,9.0,6.0,3.0,0.35,0,1.0,1.2,1.5,7,1.5,2.5,1.5,train
0139,0139_L.wav,0139_R.wav,0139.npy,0,-12.267015442564034,7.372290284381576,1.2227848101265821,0.03875250546884628,3.1746031746031744,1,8.0,5.0,3.0,0.1,0,1.0,1.2,1.5,18,3.5,3.2,1.5,train
0601,0601_L.wav,0601_R.wav,0601.npy,2,2.521851200892269,29.46912894495896,0.21466666666666667,0.8506046111871279,-0.4308390022675737,0,6.0,4.0,3.0,0.5,4,2.0,2.5,1.5,16,2.5,3.2,1.5,train
0606,0606_L.wav,0606_R.wav,0606.npy,2,5.298391410957398,31.256715379303287,0.18812074001947418,1.2485584342805511,-0.5215419501133787,1,8.0,5.0,3.0,0.65,3,2.0,1.5,1.5,8,2.0,2.5,1.5,train
0381,0381_L.wav,0381_R.wav,0381.npy,1,-3.814827034741029,33.32698636711021,0.16512820512820514,0.05015922319128574,-0.3401360544217687,0,6.0,4.0,3.0,0.65,3,2.0,1.5,1.5,19,4.0,3.2,1.5,train
0227,0227_L.wav,0227_R.wav,0227.npy,0,-5.9179507042259925,14.97446688329398,0.34936708860759497,0.03557475860352287,-0.022675736961451247,1,8.0,5.0,3.0,0.35,0,1.0,1.2,1.5,4,3.5,1.3,1.5,train
0477,0477_L.wav,0477_R.wav,0477.npy,1,-2.405390240890878,26.32896223363252,0.21466666666666667,-0.05015327935295148,0.06802721088435373,0,6.0,4.0,3.0,0.5,3,2.0,1.5,1.5,4,3.5,1.3,1.5,train
0447,0447_L.wav,0447_R.wav,0447.npy,1,-0.4832431850040717,20.17281703561393,0.3066666666666667,-1.0432228596118756,0.5442176870748299,0,6.0,4.0,3.0,0.35,5,3.0,2.0,1.5,3,3.0,1.3,1.5,train
0318,0318_L.wav,0318_R.wav,0318.npy,1,-4.099555295087829,30.269867413501586,0.16512820512820514,-0.005105459271615158,-0.06802721088435373,0,6.0,4.0,3.0,0.65,1,1.0,2.0,1.5,13,4.5,2.5,1.5,train
0822,0822_L.wav,0822_R.wav,0822.npy,2,11.971484853891587,37.93928704792272,0.21493960584869676,0.0027512503496851175,0.0,3,10.0,7.0,3.0,0.65,4,2.0,2.5,1.5,9,2.5,2.5,1.5,train
0570,0570_L.wav,0570_R.wav,0570.npy,2,5.235456761834274,30.586993738739878,0.20265734265734264,0.5187186594421608,-0.22675736961451248,2,9.0,6.0,3.0,0.65,5,3.0,2.0,1.5,12,4.0,2.5,1.5,train
0464,0464_L.wav,0464_R.wav,0464.npy,1,-2.2349775608230513,15.421161427698163,0.3763636363636364,-0.32572131434873985,0.47619047619047616,2,9.0,6.0,3.0,0.35,4,2.0,2.5,1.5,0,1.5,1.3,1.5,train
0702,0702_L.wav,0702_R.wav,0702.npy,2,4.426032728754727,50.519291400972676,0.13416666666666666,0.5858935195134292,-0.40816326530612246,0,6.0,4.0,3.0,0.8,5,3.0,2.0,1.5,15,2.0,3.2,1.5,train
0317,0317_L.wav,0317_R.wav,0317.npy,1,-0.5827338523959432,21.978648168836393,0.3066666666666667,0.09313170138248533,0.0,0,6.0,4.0,3.0,0.35,4,2.0,2.5,1.5,10,3.0,2.5,1.5,train
0799,0799_L.wav,0799_R.wav,0799.npy,2,4.117016778848781,39.50227624155312,0.15284810126582277,-0.2705718162979888,0.22675736961451248,1,8.0,5.0,3.0,0.8,1,1.0,2.0,1.5,2,2.5,1.3,1.5,train
0349,0349_L.wav,0349_R.wav,0349.npy,1,-1.6373131470862599,14.864037460606896,0.3763636363636364,0.49207321609481536,-0.47619047619047616,2,9.0,6.0,3.0,0.35,5,3.0,2.0,1.5,18,3.5,3.2,1.5,train
0022,0022_L.wav,0022_R.wav,0022.npy,0,-7.000918950241296,13.400977830377872,0.3763636363636364,-0.3010823256143393,0.06802721088435373,2,9.0,6.0,3.0,0.35,2,1.0,3.0,1.5,11,3.5,2.5,1.5,train
0557,0557_L.wav,0557_R.wav,0557.npy,1,-4.698169483315183,9.519636565524834,0.6985537190082645,-0.15948782809459583,0.47619047619047616,3,10.0,7.0,3.0,0.2,4,2.0,2.5,1.5,0,1.5,1.3,1.5,train
0263,0263_L.wav,0263_R.wav,0263.npy,0,-13.018928752779681,7.172567285216119,1.2227848101265821,0.18233983244633106,-0.22675736961451248,1,8.0,5.0,3.0,0.1,0,1.0,1.2,1.5,19,4.0,3.2,1.5,train
0605,0605_L.wav,0605_R.wav,0605.npy,2,7.338250196114595,39.680926264584706,0.17463842975206612,-0.5742737310237108,0.29478458049886624,3,10.0,7.0,3.0,0.8,5,3.0,2.0,1.5,5,4.0,1.3,1.5,train
0475,0475_L.wav,0475_R.wav,0475.npy,1,-0.5533419353364148,15.861397817564317,0.3763636363636364,0.5943921420005178,-0.47619047619047616,2,9.0,6.0,3.0,0.35,3,2.0,1.5,1.5,9,2.5,2.5,1.5,train
0673,0673_L.wav,0673_R.wav,0673.npy,2,5.116992804215591,19.508718594913883,0.39917355371900837,-0.774071957977005,0.18140589569160998,3,10.0,7.0,3.0,0.35,3,2.0,1.5,1.5,0,1.5,1.3,1.5,train
0507,0507_L.wav,0507_R.wav,0507.npy,1,-0.40993923832538587,35.75473452775025,0.15284810126582277,0.061721498135708486,-0.045351473922902494,1,8.0,5.0,3.0,0.8,2,1.0,3.0,1.5,19,4.0,3.2,1.5,train
0005,0005_L.wav,0005_R.wav,0005.npy,0,-6.9625821149532765,18.917135924371664,0.3066666666666667,0.12807150144417678,-5.034013605442177,0,6.0,4.0,3.0,0.35,5,3.0,2.0,1.5,14,1.5,3.2,1.5,train
0076,0076_L.wav,0076_R.wav,0076.npy,0,-11.369720386727682,11.309746280765363,1.0733333333333333,-0.1264788910454846,0.22675736961451248,0,6.0,4.0,3.0,0.1,5,3.0,2.0,1.5,0,1.5,1.3,1.5,train
0164,0164_L.wav,0164_R.wav,0164.npy,0,-10.355602703275984,6.200646770890624,1.3172727272727274,-0.39637072351709546,-0.11337868480725624,2,9.0,6.0,3.0,0.1,4,2.0,2.5,1.5,19,4.0,3.2,1.5,train
0718,0718_L.wav,0718_R.wav,0718.npy,2,9.371963361907484,42.649654410743345,0.17463842975206612,0.2315810215651919,-0.11337868480725624,3,10.0,7.0,3.0,0.8,2,1.0,3.0,1.5,15,2.0,3.2,1.5,train
0146,0146_L.wav,0146_R.wav,0146.npy,0,-6.591245119652176,8.42754759944466,1.2227848101265821,0.10966107747711264,-0.22675736961451248,1,8.0,5.0,3.0,0.1,5,3.0,2.0,1.5,12,4.0,2.5,1.5,train
0628,0628_L.wav,0628_R.wav,0628.npy,2,3.771999345041386,30.28163352354656,0.20265734265734264,-0.8942288970891455,0.5215419501133787,2,9.0,6.0,3.0,0.65,4,2.0,2.5,1.5,1,2.0,1.3,1.5,train
0782,0782_L.wav,0782_R.wav,0782.npy,2,2.3130093466465955,14.973652725395093,0.6113924050632911,2.2888543854218518e-09,0.0,1,8.0,5.0,3.0,0.2,4,2.0,2.5,1.5,7,1.5,2.5,1.5,train
0714,0714_L.wav,0714_R.wav,0714.npy,2,10.576327100028982,36.591049737888525,0.20265734265734264,0.9814188917630169,-0.18140589569160998,2,9.0,6.0,3.0,0.65,2,1.0,3.0,1.5,14,1.5,3.2,1.5,train
0036,0036_L.wav,0036_R.wav,0036.npy,0,-12.312846634283671,7.756388143268783,1.2227848101265821,0.05843898734823341,4.512471655328798,1,8.0,5.0,3.0,0.1,1,1.0,2.0,1.5,10,3.0,2.5,1.5,train
0141,0141_L.wav,0141_R.wav,0141.npy,0,-6.094364311094794,21.357275612459436,0.24455696202531646,4.20682842679171e-09,0.0,1,8.0,5.0,3.0,0.5,4,2.0,2.5,1.5,13,4.5,2.5,1.5,train
0501,0501_L.wav,0501_R.wav,0501.npy,1,-1.9700403341211108,21.320883977584934,0.26345454545454544,0.3238855140309571,-0.4988662131519275,2,9.0,6.0,3.0,0.5,3,2.0,1.5,1.5,16,2.5,3.2,1.5,train
0565,0565_L.wav,0565_R.wav,0565.npy,2,5.962409823040147,26.72439048233055,0.24455696202531646,1.296065266232402,-0.36281179138321995,1,8.0,5.0,3.0,0.5,5,3.0,2.0,1.5,11,3.5,2.5,1.5,train
0370,0370_L.wav,0370_R.wav,0370.npy,1,0.02769834492125403,29.24107477752454,0.18812074001947418,0.3263000315857115,-0.31746031746031744,1,8.0,5.0,3.0,0.65,1,1.0,2.0,1.5,16,2.5,3.2,1.5,train
0656,0656_L.wav,0656_R.wav,0656.npy,2,4.557548153970578,23.217033036339988,0.2794214876033058,1.0844494254203665,-0.4308390022675737,3,10.0,7.0,3.0,0.5,4,2.0,2.5,1.5,16,2.5,3.2,1.5,train
0221,0221_L.wav,0221_R.wav,0221.npy,0,-6.876187115932816,6.718164040908338,1.3172727272727274,0.2383615616282454,-0.47619047619047616,2,9.0,6.0,3.0,0.1,5,3.0,2.0,1.5,18,3.5,3.2,1.5,train
0728,0728_L.wav,0728_R.wav,0728.npy,2,2.774413430539671,47.97171474279147,0.13416666666666666,-0.04533411115621436,-0.045351473922902494,0,6.0,4.0,3.0,0.8,2,1.0,3.0,1.5,17,3.0,3.2,1.5,train
0112,0112_L.wav,0112_R.wav,0112.npy,0,-8.912030591156695,6.824070045211163,1.3172727272727274,-0.014337616332364246,0.22675736961451248,2,9.0,6.0,3.0,0.1,5,3.0,2.0,1.5,0,1.5,1.3,1.5,train
0082,0082_L.wav,0082_R.wav,0082.npy,0,-7.3120439056331925,15.429562948205703,0.34936708860759497,-0.07408956383857818,4.671201814058957,1,8.0,5.0,3.0,0.35,2,1.0,3.0,1.5,2,2.5,1.3,1.5,train
0127,0127_L.wav,0127_R.wav,0127.npy,0,-12.245293463935809,11.433239859981448,1.0733333333333333,0.28174049793596107,-0.4988662131519275,0,6.0,4.0,3.0,0.1,3,2.0,1.5,1.5,14,1.5,3.2,1.5,train
0416,0416_L.wav,0416_R.wav,0416.npy,1,-5.16648907794825,24.294235074700396,0.21466666666666667,0.0567624209773039,-4.625850340136054,0,6.0,4.0,3.0,0.5,3,2.0,1.5,1.5,5,4.0,1.3,1.5,train
0313,0313_L.wav,0313_R.wav,0313.npy,1,-1.3148335553492578,34.45541291728429,0.16512820512820514,0.07213527870357833,-0.13605442176870747,0,6.0,4.0,3.0,0.65,1,1.0,2.0,1.5,10,3.0,2.5,1.5,train
0572,0572_L.wav,0572_R.wav,0572.npy,2,5.482347744167098,21.46704294781564,0.34936708860759497,-6.397407239445903e-09,0.0,1,8.0,5.0,3.0,0.35,4,2.0,2.5,1.5,9,2.5,2.5,1.5,train
0439,0439_L.wav,0439_R.wav,0439.npy,1,-4.3358181309601695,25.28475062720776,0.21466666666666667,0.03200974425334372,-0.022675736961451247,0,6.0,4.0,3.0,0.5,0,1.0,1.2,1.5,3,3.0,1.3,1.5,train
0611,0611_L.wav,0611_R.wav,0611.npy,2,8.151640337799927,42.61027426853385,0.17463842975206612,1.055930532312954,-0.47619047619047616,3,10.0,7.0,3.0,0.8,3,2.0,1.5,1.5,9,2.5,2.5,1.5,train
0391,0391_L.wav,0391_R.wav,0391.npy,1,-5.347072986377115,19.39743047258135,0.24455696202531646,0.06718838264914397,-0.13605442176870747,1,8.0,5.0,3.0,0.5,0,1.0,1.2,1.5,13,4.5,2.5,1.5,train
0465,0465_L.wav,0465_R.wav,0465.npy,1,-2.2744273955988685,15.49632928047459,0.34936708860759497,-0.48060567700089085,0.5215419501133787,1,8.0,5.0,3.0,0.35,4,2.0,2.5,1.5,1,2.0,1.3,1.5,train
0760,0760_L.wav,0760_R.wav,0760.npy,2,5.793487170070408,26.59583376755534,0.24455696202531646,1.2819755590785664,-0.36281179138321995,1,8.0,5.0,3.0,0.5,5,3.0,2.0,1.5,9,2.5,2.5,1.5,train
0186,0186_L.wav,0186_R.wav,0186.npy,0,-6.2613440120060995,11.8567036188333,0.39917355371900837,0.05015308546397716,0.15873015873015872,3,10.0,7.0,3.0,0.35,4,2.0,2.5,1.5,6,4.5,1.3,1.5,train
0744,0744_L.wav,0744_R.wav,0744.npy,2,26.297020719646213,52.68894875661161,0.20265734265734264,8.501691303041013e-05,0.0,2,9.0,6.0,3.0,0.65,4,2.0,2.5,1.5,8,2.0,2.5,1.5,train
0136,0136_L.wav,0136_R.wav,0136.npy,0,-10.580623472453441,13.667787810085608,0.5366666666666666,-0.1338342975626437,-0.3401360544217687,0,6.0,4.0,3.0,0.2,0,1.0,1.2,1.5,9,2.5,2.5,1.5,train
0708,0708_L.wav,0708_R.wav,0708.npy,2,1.2032195532739467,46.140150203501165,0.13416666666666666,-0.09499862688617237,0.09070294784580499,0,6.0,4.0,3.0,0.8,2,1.0,3.0,1.5,11,3.5,2.5,1.5,train
0398,0398_L.wav,0398_R.wav,0398.npy,1,-0.10272666796161739,19.634632135750543,0.2794214876033058,0.39377471583173784,-0.40816326530612246,3,10.0,7.0,3.0,0.5,5,3.0,2.0,1.5,19,4.0,3.2,1.5,train
0029,0029_L.wav,0029_R.wav,0029.npy,0,-12.2024460075537,11.356183466530025,1.0733333333333333,0.27048707803996835,-4.671201814058957,0,6.0,4.0,3.0,0.1,3,2.0,1.5,1.5,18,3.5,3.2,1.5,train
0703,0703_L.wav,0703_R.wav,0703.npy,2,0.6665484958741834,37.62142892019045,0.15284810126582277,-0.19349045601058243,0.29478458049886624,1,8.0,5.0,3.0,0.8,2,1.0,3.0,1.5,4,3.5,1.3,1.5,train
0258,0258_L.wav,0258_R.wav,0258.npy,0,-7.89900516521588,9.966258790138912,0.6586363636363637,0.004564531237763329,-0.4988662131519275,2,9.0,6.0,3.0,0.2,3,2.0,1.5,1.5,16,2.5,3.2,1.5,train
0197,0197_L.wav,0197_R.wav,0197.npy,0,-9.005867436477352,14.227471693174056,0.5366666666666666,0.13856172519949717,-0.40816326530612246,0,6.0,4.0,3.0,0.2,0,1.0,1.2,1.5,8,2.0,2.5,1.5,train
0552,0552_L.wav,0552_R.wav,0552.npy,1,-2.361002015923883,35.76756301369857,0.16512820512820514,0.014984524056779974,-0.47619047619047616,0,6.0,4.0,3.0,0.65,0,1.0,1.2,1.5,15,2.0,3.2,1.5,train
0677,0677_L.wav,0677_R.wav,0677.npy,2,0.6309798015254229,28.443685643559444,0.20265734265734264,0.33172621488591914,-0.31746031746031744,2,9.0,6.0,3.0,0.65,5,3.0,2.0,1.5,14,1.5,3.2,1.5,train
0078,0078_L.wav,0078_R.wav,0078.npy,0,-9.8839777531537,17.98028765188637,0.3066666666666667,0.3933303394754,-0.24943310657596374,0,6.0,4.0,3.0,0.35,0,1.0,1.2,1.5,17,3.0,3.2,1.5,train
0686,0686_L.wav,0686_R.wav,0686.npy,2,3.0110477097010353,22.462787054730654,0.2794214876033058,0.17411631151291385,-0.11337868480725624,3,10.0,7.0,3.0,0.5,2,1.0,3.0,1.5,15,2.0,3.2,1.5,train
0229,0229_L.wav,0229_R.wav,0229.npy,0,-8.168302131168883,11.84915142892357,1.0733333333333333,0.20614709505390433,-0.22675736961451248,0,6.0,4.0,3.0,0.1,1,1.0,2.0,1.5,8,2.0,2.5,1.5,train
0346,0346_L.wav,0346_R.wav,0346.npy,1,-3.3343079234210213,19.95937418043019,0.3066666666666667,0.19430634802941063,-0.29478458049886624,0,6.0,4.0,3.0,0.35,4,2.0,2.5,1.5,17,3.0,3.2,1.5,train
0310,0310_L.wav,0310_R.wav,0310.npy,1,-5.269747566598403,17.83430750635523,0.26345454545454544,0.09621792326845077,3.1519274376417235,2,9.0,6.0,3.0,0.5,1,1.0,2.0,1.5,13,4.5,2.5,1.5,train
0394,0394_L.wav,0394_R.wav,0394.npy,1,-3.6346691577925583,20.2007374089608,0.24455696202531646,0.03802979079713531,-0.13605442176870747,1,8.0,5.0,3.0,0.5,1,1.0,2.0,1.5,10,3.0,2.5,1.5,train
0551,0551_L.wav,0551_R.wav,0551.npy,1,-0.3434958054633063,15.039308151673488,1.0733333333333333,0.11391672711376488,0.0,0,6.0,4.0,3.0,0.1,4,2.0,2.5,1.5,7,1.5,2.5,1.5,train
0345,0345_L.wav,0345_R.wav,0345.npy,1,0.16951182845919857,37.62628485062742,0.15284810126582277,0.12741511847663417,-0.20408163265306123,1,8.0,5.0,3.0,0.8,0,1.0,1.2,1.5,12,4.0,2.5,1.5,train
0650,0650_L.wav,0650_R.wav,0650.npy,2,5.103554364507321,39.15074977765479,0.15284810126582277,0.26737927372718606,-0.15873015873015872,1,8.0,5.0,3.0,0.8,5,3.0,2.0,1.5,7,1.5,2.5,1.5,train
0585,0585_L.wav,0585_R.wav,0585.npy,2,2.617273689789459,29.66989692596741,0.21466666666666667,-0.9224982274711145,0.4308390022675737,0,6.0,4.0,3.0,0.5,1,1.0,2.0,1.5,0,1.5,1.3,1.5,train
0794,0794_L.wav,0794_R.wav,0794.npy,2,7.950180806748103,34.75184971311513,0.20265734265734264,-1.4011841345083729,0.36281179138321995,2,9.0,6.0,3.0,0.65,2,1.0,3.0,1.5,7,1.5,2.5,1.5,train
0546,0546_L.wav,0546_R.wav,0546.npy,1,-2.000509627024178,19.031598992251084,0.2794214876033058,-0.021147617043778266,4.625850340136054,3,10.0,7.0,3.0,0.5,2,1.0,3.0,1.5,17,3.0,3.2,1.5,train
0219,0219_L.wav,0219_R.wav,0219.npy,0,-6.289434083806473,8.988158648528662,0.6985537190082645,0.12042250401741833,-0.15873015873015872,3,10.0,7.0,3.0,0.2,1,1.0,2.0,1.5,9,2.5,2.5,1.5,train
0292,0292_L.wav,0292_R.wav,0292.npy,1,-0.20131898788961047,42.904724701314535,0.13416666666666666,0.047252798921148496,-0.09070294784580499,0,6.0,4.0,3.0,0.8,1,1.0,2.0,1.5,12,4.0,2.5,1.5,train
0366,0366_L.wav,0366_R.wav,0366.npy,1,-5.292724611210138,6.839760742724991,1.397107438016529,0.1367523880853066,-0.22675736961451248,3,10.0,7.0,3.0,0.1,5,3.0,2.0,1.5,8,2.0,2.5,1.5,train
0735,0735_L.wav,0735_R.wav,0735.npy,2,2.2581866420021557,18.98478869962886,0.34936708860759497,1.043812241466491,-0.36281179138321995,1,8.0,5.0,3.0,0.35,1,1.0,2.0,1.5,7,1.5,2.5,1.5,train
0305,0305_L.wav,0305_R.wav,0305.npy,1,0.13354108169315637,16.872153904019168,0.5366666666666666,-0.4950074596703494,0.18140589569160998,0,6.0,4.0,3.0,0.2,3,2.0,1.5,1.5,0,1.5,1.3,1.5,train
0159,0159_L.wav,0159_R.wav,0159.npy,0,-12.766159276765325,11.045213253796843,1.0733333333333333,0.010490315420874922,0.15873015873015872,0,6.0,4.0,3.0,0.1,4,2.0,2.5,1.5,6,4.5,1.3,1.5,train
0669,0669_L.wav,0669_R.wav,0669.npy,2,11.289721090960008,37.92243302187741,0.18812074001947418,2.8848183557936213,-0.5215419501133787,1,8.0,5.0,3.0,0.65,5,3.0,2.0,1.5,10,3.0,2.5,1.5,train
0509,0509_L.wav,0509_R.wav,0509.npy,1,-5.0218354539583565,14.676882677154637,0.5366666666666666,-0.04735807488178238,0.11337868480725624,0,6.0,4.0,3.0,0.2,3,2.0,1.5,1.5,3,3.0,1.3,1.5,train
0664,0664_L.wav,0664_R.wav,0664.npy,2,1.0044791230861208,21.518228800964753,0.26345454545454544,-0.6760808283134139,0.5215419501133787,2,9.0,6.0,3.0,0.5,4,2.0,2.5,1.5,1,2.0,1.3,1.5,train
0797,0797_L.wav,0797_R.wav,0797.npy,2,2.680451371069454,18.291035744038282,0.3763636363636364,1.0731751906645661,-0.36281179138321995,2,9.0,6.0,3.0,0.35,1,1.0,2.0,1.5,7,1.5,2.5,1.5,train
0526,0526_L.wav,0526_R.wav,0526.npy,1,-2.755194298401624,13.255855210123233,0.39917355371900837,0.22762648003823316,-0.40816326530612246,3,10.0,7.0,3.0,0.35,5,3.0,2.0,1.5,19,4.0,3.2,1.5,train
0828,0828_L.wav,0828_R.wav,0828.npy,2,8.208166754329788,43.20673056073094,0.15284810126582277,0.5853886475285444,-0.22675736961451248,1,8.0,5.0,3.0,0.8,5,3.0,2.0,1.5,8,2.0,2.5,1.5,train
0459,0459_L.wav,0459_R.wav,0459.npy,1,-0.2899746951175146,26.531047576352144,0.20265734265734264,0.1297551683925007,-0.15873015873015872,2,9.0,6.0,3.0,0.65,4,2.0,2.5,1.5,19,4.0,3.2,1.5,train
0754,0754_L.wav,0754_R.wav,0754.npy,2,0.5046665403802384,30.249697410227437,0.18812074001947418,0.4153795431222669,-0.4988662131519275,1,8.0,5.0,3.0,0.65,3,2.0,1.5,1.5,14,1.5,3.2,1.5,train
0706,0706_L.wav,0706_R.wav,0706.npy,2,5.335408850908886,42.895984747393015,0.15284810126582277,-0.09399765293872209,0.06802721088435373,1,8.0,5.0,3.0,0.8,3,2.0,1.5,1.5,4,3.5,1.3,1.5,train
0116,0116_L.wav,0116_R.wav,0116.npy,0,-6.8969369961189395,9.272444117820704,0.6586363636363637,-0.13362854644039926,-0.22675736961451248,2,9.0,6.0,3.0,0.2,4,2.0,2.5,1.5,18,3.5,3.2,1.5,train
0502,0502_L.wav,0502_R.wav,0502.npy,1,0.1985908097622554,36.2252545294683,0.16512820512820514,0.16032462568535757,-0.22675736961451248,0,6.0,4.0,3.0,0.65,4,2.0,2.5,1.5,18,3.5,3.2,1.5,train
0331,0331_L.wav,0331_R.wav,0331.npy,1,-0.9941077874990535,26.947008371055627,0.21493960584869676,0.2024485273017838,3.99092970521542,3,10.0,7.0,3.0,0.65,0,1.0,1.2,1.5,10,3.0,2.5,1.5,train
0752,0752_L.wav,0752_R.wav,0752.npy,2,25.45483921805264,51.39442461718184,0.18812074001947418,-3.022973742156505e-11,0.0,1,8.0,5.0,3.0,0.65,4,2.0,2.5,1.5,8,2.0,2.5,1.5,train
0804,0804_L.wav,0804_R.wav,0804.npy,2,7.001813949639736,42.874221594972155,0.15284810126582277,0.08960462039424195,-0.045351473922902494,1,8.0,5.0,3.0,0.8,0,1.0,1.2,1.5,1,2.0,1.3,1.5,train
0696,0696_L.wav,0696_R.wav,0696.npy,2,0.599318956161816,46.72598369954521,0.13416666666666666,0.18956806159943368,-0.24943310657596374,0,6.0,4.0,3.0,0.8,0,1.0,1.2,1.5,11,3.5,2.5,1.5,train
0598,0598_L.wav,0598_R.wav,0598.npy,2,5.640896816067706,52.398248143507296,0.13416666666666666,-0.02327912079389753,0.0,0,6.0,4.0,3.0,0.8,4,2.0,2.5,1.5,11,3.5,2.5,1.5,train
0437,0437_L.wav,0437_R.wav,0437.npy,1,-4.906789640446307,14.165916579838767,0.3763636363636364,-0.03577812333048349,4.671201814058957,2,9.0,6.0,3.0,0.35,1,1.0,2.0,1.5,3,3.0,1.3,1.5,train
0321,0321_L.wav,0321_R.wav,0321.npy,1,-4.2994669993396,19.840093306846917,0.3066666666666667,0.3495996672704924,-0.4988662131519275,0,6.0,4.0,3.0,0.35,0,1.0,1.2,1.5,7,1.5,2.5,1.5,train
0011,0011_L.wav,0011_R.wav,0011.npy,0,-12.592955629342748,10.934981542482705,1.0733333333333333,0.35285388756874025,-0.5215419501133787,0,6.0,4.0,3.0,0.1,3,2.0,1.5,1.5,15,2.0,3.2,1.5,train
0035,0035_L.wav,0035_R.wav,0035.npy,0,-5.840472165280731,14.259617812056604,0.3763636363636364,0.06773926250104861,-0.3401360544217687,2,9.0,6.0,3.0,0.35,0,1.0,1.2,1.5,9,2.5,2.5,1.5,train
0325,0325_L.wav,0325_R.wav,0325.npy,1,-0.3241927328436388,27.037783325293404,0.21493960584869676,0.31657447991475246,-0.3854875283446712,3,10.0,7.0,3.0,0.65,3,2.0,1.5,1.5,18,3.5,3.2,1.5,train
0337,0337_L.wav,0337_R.wav,0337.npy,1,-0.2282923972728708,34.298720303948585,0.16465909090909092,-0.09439122035742864,0.06802721088435373,2,9.0,6.0,3.0,0.8,2,1.0,3.0,1.5,13,4.5,2.5,1.5,train
0290,0290_L.wav,0290_R.wav,0290.npy,1,-3.4599705382601904,14.264322044332825,0.3763636363636364,0.30317421808688716,-0.40816326530612246,2,9.0,6.0,3.0,0.35,5,3.0,2.0,1.5,19,4.0,3.2,1.5,train
0096,0096_L.wav,0096_R.wav,0096.npy,0,-9.048282236099581,5.9973452038143735,1.397107438016529,0.04438765235632264,1.8367346938775508,3,10.0,7.0,3.0,0.1,0,1.0,1.2,1.5,5,4.0,1.3,1.5,train
0118,0118_L.wav,0118_R.wav,0118.npy,0,-7.006930691959946,9.158989789335456,0.6985537190082645,0.2259871877474508,-0.4988662131519275,3,10.0,7.0,3.0,0.2,3,2.0,1.5,1.5,14,1.5,3.2,1.5,train
0770,0770_L.wav,0770_R.wav,0770.npy,2,7.624933644153737,42.127319153361604,0.15284810126582277,0.5749086487964786,-0.22675736961451248,1,8.0,5.0,3.0,0.8,1,1.0,2.0,1.5,8,2.0,2.5,1.5,train
0417,0417_L.wav,0417_R.wav,0417.npy,1,-2.0994009126378863,28.52449243070224,0.18812074001947418,0.15323206817062743,-0.4308390022675737,1,8.0,5.0,3.0,0.65,0,1.0,1.2,1.5,16,2.5,3.2,1.5,train
0576,0576_L.wav,0576_R.wav,0576.npy,2,17.549531400859838,41.56986981664039,0.21466666666666667,-8.217951631959858,0.5215419501133787,0,6.0,4.0,3.0,0.5,3,2.0,1.5,1.5,1,2.0,1.3,1.5,train
0732,0732_L.wav,0732_R.wav,0732.npy,2,14.007559406769069,48.044674813595734,0.16465909090909092,-1.0282462497842684,0.18140589569160998,2,9.0,6.0,3.0,0.8,3,2.0,1.5,1.5,2,2.5,1.3,1.5,train
0179,0179_L.wav,0179_R.wav,0179.npy,0,-8.086176818184391,8.961423228916898,0.6586363636363637,0.09976940406836426,0.0,2,9.0,6.0,3.0,0.2,4,2.0,2.5,1.5,13,4.5,2.5,1.5,train
0463,0463_L.wav,0463_R.wav,0463.npy,1,-4.323016565400445,18.57012721299381,0.2794214876033058,-0.12889683626579831,0.3401360544217687,3,10.0,7.0,3.0,0.5,2,1.0,3.0,1.5,3,3.0,1.3,1.5,train
0755,0755_L.wav,0755_R.wav,0755.npy,2,3.1405489098304007,30.78700521030627,0.20265734265734264,-0.7840541306956696,0.47619047619047616,2,9.0,6.0,3.0,0.65,4,2.0,2.5,1.5,0,1.5,1.3,1.5,train
0069,0069_L.wav,0069_R.wav,0069.npy,0,-10.539706090343337,6.805707804046186,1.3172727272727274,-0.09306567845171815,-3.696145124716553,2,9.0,6.0,3.0,0.1,2,1.0,3.0,1.5,3,3.0,1.3,1.5,train
0582,0582_L.wav,0582_R.wav,0582.npy,2,3.443779548962099,23.97947392722522,0.2794214876033058,-0.9812250036625182,0.4308390022675737,3,10.0,7.0,3.0,0.5,1,1.0,2.0,1.5,0,1.5,1.3,1.5,train
0316,0316_L.wav,0316_R.wav,0316.npy,1,-0.18513710993717364,17.319492351476637,0.34936708860759497,6.70157829698731e-09,0.0,1,8.0,5.0,3.0,0.35,4,2.0,2.5,1.5,10,3.0,2.5,1.5,train
0085,0085_L.wav,0085_R.wav,0085.npy,0,-6.176684071603201,7.40511385008835,1.3172727272727274,0.16566012528636997,-0.22675736961451248,2,9.0,6.0,3.0,0.1,5,3.0,2.0,1.5,8,2.0,2.5,1.5,train
0743,0743_L.wav,0743_R.wav,0743.npy,2,6.576311436208236,41.4606272882937,0.17463842975206612,-0.557443239479158,0.29478458049886624,3,10.0,7.0,3.0,0.8,1,1.0,2.0,1.5,1,2.0,1.3,1.5,train
0196,0196_L.wav,0196_R.wav,0196.npy,0,-8.562766833586227,10.493965758582831,0.6113924050632911,0.11160478137245106,-5.034013605442177,1,8.0,5.0,3.0,0.2,5,3.0,2.0,1.5,14,1.5,3.2,1.5,train
0808,0808_L.wav,0808_R.wav,0808.npy,2,4.590404121038423,44.4070548195356,0.15284810126582277,-0.28287726179436323,0.22675736961451248,1,8.0,5.0,3.0,0.8,5,3.0,2.0,1.5,6,4.5,1.3,1.5,train
0010,0010_L.wav,0010_R.wav,0010.npy,0,-11.617246449543075,6.300746142579995,1.3172727272727274,-0.25451284459951434,0.20408163265306123,2,9.0,6.0,3.0,0.1,2,1.0,3.0,1.5,4,3.5,1.3,1.5,train
0450,0450_L.wav,0450_R.wav,0450.npy,1,-5.749089803187337,20.181632537655247,0.24455696202531646,0.07883056381280701,-0.15873015873015872,1,8.0,5.0,3.0,0.5,1,1.0,2.0,1.5,18,3.5,3.2,1.5,train
0055,0055_L.wav,0055_R.wav,0055.npy,0,-5.833346229943336,18.61030110612252,0.24455696202531646,0.08388243153369304,3.5147392290249435,1,8.0,5.0,3.0,0.5,1,1.0,2.0,1.5,12,4.0,2.5,1.5,train
0549,0549_L.wav,0549_R.wav,0549.npy,1,-3.632849888482685,23.57099353208426,0.21493960584869676,-0.06207484263433795,0.06802721088435373,3,10.0,7.0,3.0,0.65,2,1.0,3.0,1.5,13,4.5,2.5,1.5,train
0422,0422_L.wav,0422_R.wav,0422.npy,1,-4.478990738665406,33.55769849451262,0.16512820512820514,0.13239238205324316,-0.20408163265306123,0,6.0,4.0,3.0,0.65,3,2.0,1.5,1.5,13,4.5,2.5,1.5,train
0633,0633_L.wav,0633_R.wav,0633.npy,2,4.9928235083422425,33.67892511669472,0.18812074001947418,0.5192228113451072,-0.22675736961451248,1,8.0,5.0,3.0,0.65,5,3.0,2.0,1.5,12,4.0,2.5,1.5,train
0061,0061_L.wav,0061_R.wav,0061.npy,0,-7.980822711874877,17.232090917520985,0.3066666666666667,-0.01456048020382037,0.06802721088435373,0,6.0,4.0,3.0,0.35,2,1.0,3.0,1.5,12,4.0,2.5,1.5,train
0222,0222_L.wav,0222_R.wav,0222.npy,0,-8.434689649980964,17.308829729468304,0.3066666666666667,-0.023684588366434042,-0.15873015873015872,0,6.0,4.0,3.0,0.35,0,1.0,1.2,1.5,12,4.0,2.5,1.5,train
0030,0030_L.wav,0030_R.wav,0030.npy,0,-11.159583068221634,6.407379203957639,1.3172727272727274,0.06627317991294408,3.696145124716553,2,9.0,6.0,3.0,0.1,3,2.0,1.5,1.5,19,4.0,3.2,1.5,train
0216,0216_L.wav,0216_R.wav,0216.npy,0,-9.119407930162206,8.521113435988704,0.6586363636363637,0.3169305867760963,0.15873015873015872,2,9.0,6.0,3.0,0.2,4,2.0,2.5,1.5,6,4.5,1.3,1.5,train
0539,0539_L.wav,0539_R.wav,0539.npy,1,-4.021057469981017,24.969685418009192,0.20265734265734264,-0.06986834959008933,0.06802721088435373,2,9.0,6.0,3.0,0.65,2,1.0,3.0,1.5,13,4.5,2.5,1.5,train
0177,0177_L.wav,0177_R.wav,0177.npy,0,-6.119060822740759,25.346113524919463,0.21466666666666667,-0.16755869770826773,0.3401360544217687,0,6.0,4.0,3.0,0.5,2,1.0,3.0,1.5,3,3.0,1.3,1.5,train
0575,0575_L.wav,0575_R.wav,0575.npy,2,4.728555611608376,31.500372097578996,0.20265734265734264,0.9222149992422329,-0.47619047619047616,2,9.0,6.0,3.0,0.65,3,2.0,1.5,1.5,9,2.5,2.5,1.5,train
0704,0704_L.wav,0704_R.wav,0704.npy,2,7.894652595025697,42.80163178042764,0.17463842975206612,1.0486659129672686,-0.47619047619047616,3,10.0,7.0,3.0,0.8,3,2.0,1.5,1.5,7,1.5,2.5,1.5,train
0427,0427_L.wav,0427_R.wav,0427.npy,1,-4.343763229864347,19.233427412577587,0.26345454545454544,0.1797908899312634,-0.3401360544217687,2,9.0,6.0,3.0,0.5,3,2.0,1.5,1.5,19,4.0,3.2,1.5,train
0031,0031_L.wav,0031_R.wav,0031.npy,0,-10.096501308644378,13.088766961552569,0.5366666666666666,-0.33617457908418075,0.0,0,6.0,4.0,3.0,0.2,0,1.0,1.2,1.5,6,4.5,1.3,1.5,train
0056,0056_L.wav,0056_R.wav,0056.npy,0,-9.173731698084588,14.452454290519723,0.5366666666666666,-0.12546590634841795,0.24943310657596374,0,6.0,4.0,3.0,0.2,2,1.0,3.0,1.5,1,2.0,1.3,1.5,train
0406,0406_L.wav,0406_R.wav,0406.npy,1,-3.1558598184820874,10.047657229191378,0.6985537190082645,0.4242258787639622,-0.47619047619047616,3,10.0,7.0,3.0,0.2,3,2.0,1.5,1.5,9,2.5,2.5,1.5,train
0701,0701_L.wav,0701_R.wav,0701.npy,2,10.421975831627472,36.52681444049841,0.20265734265734264,-0.9725394167890731,0.18140589569160998,2,9.0,6.0,3.0,0.65,3,2.0,1.5,1.5,0,1.5,1.3,1.5,train
0756,0756_L.wav,0756_R.wav,0756.npy,2,1.7110620761953852,16.998602908224083,0.3763636363636364,0.785227638297932,-0.4308390022675737,2,9.0,6.0,3.0,0.35,4,2.0,2.5,1.5,16,2.5,3.2,1.5,train
0372,0372_L.wav,0372_R.wav,0372.npy,1,-3.8446437015643258,10.16909074998587,0.6586363636363637,0.23634021586463713,-0.22675736961451248,2,9.0,6.0,3.0,0.2,5,3.0,2.0,1.5,8,2.0,2.5,1.5,train
0264,0264_L.wav,0264_R.wav,0264.npy,0,-7.9343180847634,5.55208761422768,1.397107438016529,-0.09139366187152193,-0.40816326530612246,3,10.0,7.0,3.0,0.1,5,3.0,2.0,1.5,19,4.0,3.2,1.5,train
0571,0571_L.wav,0571_R.wav,0571.npy,2,0.7958170278017573,36.36066666589565,0.16512820512820514,-0.08879125447419894,0.06802721088435373,0,6.0,4.0,3.0,0.65,3,2.0,1.5,1.5,4,3.5,1.3,1.5,train
0773,0773_L.wav,0773_R.wav,0773.npy,2,3.8988618720455452,21.193978447940065,0.34936708860759497,0.42877769902085033,-0.11337868480725624,1,8.0,5.0,3.0,0.35,0,1.0,1.2,1.5,0,1.5,1.3,1.5,train
0456,0456_L.wav,0456_R.wav,0456.npy,1,-2.1803784984215993,14.119147884655387,0.39917355371900837,0.36509502077512757,-0.36281179138321995,3,10.0,7.0,3.0,0.35,3,2.0,1.5,1.5,10,3.0,2.5,1.5,train
0376,0376_L.wav,0376_R.wav,0376.npy,1,-4.344996842742014,8.546097749150285,0.6985537190082645,0.4096176303931564,-0.5215419501133787,3,10.0,7.0,3.0,0.2,5,3.0,2.0,1.5,17,3.0,3.2,1.5,train
0493,0493_L.wav,0493_R.wav,0493.npy,1,-0.788257360646733,36.15425471174797,0.16512820512820514,0.2737723887111884,-0.31746031746031744,0,6.0,4.0,3.0,0.65,5,3.0,2.0,1.5,14,1.5,3.2,1.5,train
0578,0578_L.wav,0578_R.wav,0578.npy,2,4.568596793411467,30.706893885727943,0.21493960584869676,0.5148355938809447,-0.22675736961451248,3,10.0,7.0,3.0,0.65,1,1.0,2.0,1.5,8,2.0,2.5,1.5,train
0154,0154_L.wav,0154_R.wav,0154.npy,0,-6.7450020605992025,19.636813590581767,0.24455696202531646,0.003572081680692019,-0.045351473922902494,1,8.0,5.0,3.0,0.5,2,1.0,3.0,1.5,18,3.5,3.2,1.5,train
0444,0444_L.wav,0444_R.wav,0444.npy,1,-5.538170306123627,19.139509342541643,0.26345454545454544,-0.24436366989365138,0.09070294784580499,2,9.0,6.0,3.0,0.5,2,1.0,3.0,1.5,11,3.5,2.5,1.5,train
0712,0712_L.wav,0712_R.wav,0712.npy,2,3.109513803281294,18.126092578886453,0.39917355371900837,-1.1003282069776206,0.36281179138321995,3,10.0,7.0,3.0,0.35,2,1.0,3.0,1.5,7,1.5,2.5,1.5,train
0242,0242_L.wav,0242_R.wav,0242.npy,0,-7.442452079975027,11.946137495478897,1.0733333333333333,-0.0202877986772476,0.11337868480725624,0,6.0,4.0,3.0,0.1,3,2.0,1.5,1.5,3,3.0,1.3,1.5,train
0285,0285_L.wav,0285_R.wav,0285.npy,1,-3.6459408046516053,11.44362034969215,0.6113924050632911,-0.0509222726494325,0.11337868480725624,1,8.0,5.0,3.0,0.2,3,2.0,1.5,1.5,3,3.0,1.3,1.5,train
0591,0591_L.wav,0591_R.wav,0591.npy,2,3.8960131272643,51.05286697736421,0.13416666666666666,0.5358739775988525,-0.40816326530612246,0,6.0,4.0,3.0,0.8,0,1.0,1.2,1.5,8,2.0,2.5,1.5,train
0448,0448_L.wav,0448_R.wav,0448.npy,1,-0.48290853685893964,27.60953133981662,0.21466666666666667,0.5466838665645025,-0.47619047619047616,0,6.0,4.0,3.0,0.5,5,3.0,2.0,1.5,18,3.5,3.2,1.5,train
0434,0434_L.wav,0434_R.wav,0434.npy,1,-4.607623808169989,14.64911164775722,0.3763636363636364,0.043877981800739575,0.22675736961451248,2,9.0,6.0,3.0,0.35,1,1.0,2.0,1.5,2,2.5,1.3,1.5,train
0192,0192_L.wav,0192_R.wav,0192.npy,0,-11.74579535986577,8.159789571058004,1.2227848101265821,0.2654502332881157,-0.4988662131519275,1,8.0,5.0,3.0,0.1,0,1.0,1.2,1.5,14,1.5,3.2,1.5,train
0499,0499_L.wav,0499_R.wav,0499.npy,1,-0.7368391917900435,20.03411397097908,0.2794214876033058,-0.17130521216083647,0.15873015873015872,3,10.0,7.0,3.0,0.5,2,1.0,3.0,1.5,9,2.5,2.5,1.5,train
0519,0519_L.wav,0519_R.wav,0519.npy,1,-4.458836809947642,21.61433581818335,0.24455696202531646,0.25787994994539853,-0.47619047619047616,1,8.0,5.0,3.0,0.5,0,1.0,1.2,1.5,15,2.0,3.2,1.5,train
0234,0234_L.wav,0234_R.wav,0234.npy,0,-6.590597258161951,19.532359920534994,0.24455696202531646,-0.020642762664652668,0.18140589569160998,1,8.0,5.0,3.0,0.5,2,1.0,3.0,1.5,6,4.5,1.3,1.5,train
0006,0006_L.wav,0006_R.wav,0006.npy,0,-8.573546942716861,17.241663972931065,0.3066666666666667,0.12247103592567757,0.09070294784580499,0,6.0,4.0,3.0,0.35,1,1.0,2.0,1.5,5,4.0,1.3,1.5,train
0060,0060_L.wav,0060_R.wav,0060.npy,0,-6.0646446278389865,18.974548613005293,0.3066666666666667,-0.07510191361811361,0.22675736961451248,0,6.0,4.0,3.0,0.35,5,3.0,2.0,1.5,6,4.5,1.3,1.5,train
0522,0522_L.wav,0522_R.wav,0522.npy,1,-3.7457067806568345,20.118106349962346,0.3066666666666667,-0.30807379357579073,0.47619047619047616,0,6.0,4.0,3.0,0.35,4,2.0,2.5,1.5,0,1.5,1.3,1.5,train
0430,0430_L.wav,0430_R.wav,0430.npy,1,-2.969575109523546,29.068251681617078,0.18812074001947418,-0.037656289683487595,0.045351473922902494,1,8.0,5.0,3.0,0.65,3,2.0,1.5,1.5,6,4.5,1.3,1.5,train
0497,0497_L.wav,0497_R.wav,0497.npy,1,-0.3591450541327511,21.872349330182587,0.2794214876033058,0.572980359070845,-0.4988662131519275,3,10.0,7.0,3.0,0.5,0,1.0,1.2,1.5,7,1.5,2.5,1.5,train
0676,0676_L.wav,0676_R.wav,0676.npy,2,16.759746258222144,23.02210927578036,1.397107438016529,0.0026957447981561748,0.0,3,10.0,7.0,3.0,0.1,4,2.0,2.5,1.5,8,2.0,2.5,1.5,train
0075,0075_L.wav,0075_R.wav,0075.npy,0,-9.309819230462145,10.671418026986213,0.6113924050632911,-0.4284115791013102,-0.24943310657596374,1,8.0,5.0,3.0,0.2,3,2.0,1.5,1.5,17,3.0,3.2,1.5,train
0653,0653_L.wav,0653_R.wav,0653.npy,2,6.553009843943006,24.953601897355995,0.2794214876033058,1.3309484680970605,-0.36281179138321995,3,10.0,7.0,3.0,0.5,5,3.0,2.0,1.5,9,2.5,2.5,1.5,train
0452,0452_L.wav,0452_R.wav,0452.npy,1,-1.6259363972345824,20.89991011357747,0.26345454545454544,0.010601622878061894,0.0,2,9.0,6.0,3.0,0.5,4,2.0,2.5,1.5,12,4.0,2.5,1.5,train
0420,0420_L.wav,0420_R.wav,0420.npy,1,-1.3977033937039502,22.267180694733227,0.24455696202531646,-0.0026082417392523797,0.06802721088435373,1,8.0,5.0,3.0,0.5,3,2.0,1.5,1.5,4,3.5,1.3,1.5,train
0354,0354_L.wav,0354_R.wav,0354.npy,1,-0.39628907502109095,27.401688898742616,0.20265734265734264,0.14923362515929808,4.195011337868481,2,9.0,6.0,3.0,0.65,3,2.0,1.5,1.5,12,4.0,2.5,1.5,train
0223,0223_L.wav,0223_R.wav,0223.npy,0,-7.097991826637213,8.92361097341266,1.2227848101265821,-0.035413181155121,0.22675736961451248,1,8.0,5.0,3.0,0.1,2,1.0,3.0,1.5,8,2.0,2.5,1.5,train
0617,0617_L.wav,0617_R.wav,0617.npy,2,13.147088962745737,21.649649759685726,0.6985537190082645,-7.848390422564427,0.5215419501133787,3,10.0,7.0,3.0,0.2,3,2.0,1.5,1.5,1,2.0,1.3,1.5,train
0271,0271_L.wav,0271_R.wav,0271.npy,0,-11.384874791596975,11.694275099780908,1.0733333333333333,0.12500835682144407,-0.40816326530612246,0,6.0,4.0,3.0,0.1,0,1.0,1.2,1.5,8,2.0,2.5,1.5,train
0194,0194_L.wav,0194_R.wav,0194.npy,0,-11.003699092701966,8.185774061816947,1.2227848101265821,-0.07733375178233887,0.0,1,8.0,5.0,3.0,0.1,0,1.0,1.2,1.5,6,4.5,1.3,1.5,train
0012,0012_L.wav,0012_R.wav,0012.npy,0,-8.113863380184991,17.698685303257374,0.3066666666666667,0.08854310740704854,-0.06802721088435373,0,6.0,4.0,3.0,0.35,1,1.0,2.0,1.5,11,3.5,2.5,1.5,train
0132,0132_L.wav,0132_R.wav,0132.npy,0,-7.649312506216212,8.602847679187885,0.6985537190082645,0.14706586584261108,4.73922902494331,3,10.0,7.0,3.0,0.2,3,2.0,1.5,1.5,11,3.5,2.5,1.5,train
0737,0737_L.wav,0737_R.wav,0737.npy,2,1.4108925953536606,29.177920537184864,0.18812074001947418,0.19638308554831996,-0.15873015873015872,1,8.0,5.0,3.0,0.65,1,1.0,2.0,1.5,9,2.5,2.5,1.5,train
0144,0144_L.wav,0144_R.wav,0144.npy,0,-9.84902052030205,7.893818837986127,0.6985537190082645,0.1709956480665208,3.696145124716553,3,10.0,7.0,3.0,0.2,3,2.0,1.5,1.5,19,4.0,3.2,1.5,train
0341,0341_L.wav,0341_R.wav,0341.npy,1,-4.412771485837864,9.547094741039903,1.2227848101265821,-0.3882998082109893,0.4308390022675737,1,8.0,5.0,3.0,0.1,1,1.0,2.0,1.5,0,1.5,1.3,1.5,train
0719,0719_L.wav,0719_R.wav,0719.npy,2,10.843677977612046,46.26690038949676,0.16512820512820514,0.007974163691595855,0.0,0,6.0,4.0,3.0,0.65,4,2.0,2.5,1.5,9,2.5,2.5,1.5,train
0015,0015_L.wav,0015_R.wav,0015.npy,0,-9.778633623221383,7.352078560570141,1.3172727272727274,-0.15886433162805577,-0.40816326530612246,2,9.0,6.0,3.0,0.1,0,1.0,1.2,1.5,8,2.0,2.5,1.5,train
0365,0365_L.wav,0365_R.wav,0365.npy,1,-2.590526936432507,20.029864640328903,0.26345454545454544,0.03653655815259755,-4.625850340136054,2,9.0,6.0,3.0,0.5,3,2.0,1.5,1.5,5,4.0,1.3,1.5,train
0042,0042_L.wav,0042_R.wav,0042.npy,0,-10.040128516190785,8.757763881874492,0.6586363636363637,0.021578753827579338,-0.13605442176870747,2,9.0,6.0,3.0,0.2,1,1.0,2.0,1.5,19,4.0,3.2,1.5,train
0215,0215_L.wav,0215_R.wav,0215.npy,0,-9.92288952600784,11.459291815422258,1.0733333333333333,0.2139035277417944,1.1337868480725624,0,6.0,4.0,3.0,0.1,2,1.0,3.0,1.5,19,4.0,3.2,1.5,train
0079,0079_L.wav,0079_R.wav,0079.npy,0,-7.965554544207583,7.810648400933168,0.6985537190082645,0.23136281539799497,-0.11337868480725624,3,10.0,7.0,3.0,0.2,4,2.0,2.5,1.5,19,4.0,3.2,1.5,train
0805,0805_L.wav,0805_R.wav,0805.npy,2,3.855634036217019,31.917448255198657,0.21493960584869676,0.0936852680494564,-0.045351473922902494,3,10.0,7.0,3.0,0.65,0,1.0,1.2,1.5,1,2.0,1.3,1.5,train
0742,0742_L.wav,0742_R.wav,0742.npy,2,1.8923478085368024,22.2879940763527,0.2794214876033058,0.4302144402882284,-0.22675736961451248,3,10.0,7.0,3.0,0.5,1,1.0,2.0,1.5,8,2.0,2.5,1.5,train
0772,0772_L.wav,0772_R.wav,0772.npy,2,8.210084542262104,29.137607419318925,0.24455696202531646,-2.678622047161034e-10,0.0,1,8.0,5.0,3.0,0.5,4,2.0,2.5,1.5,9,2.5,2.5,1.5,train
0353,0353_L.wav,0353_R.wav,0353.npy,1,-4.367863523082274,15.876073390008248,0.34936708860759497,-0.16194690539359474,0.22675736961451248,1,8.0,5.0,3.0,0.35,5,3.0,2.0,1.5,6,4.5,1.3,1.5,train
0396,0396_L.wav,0396_R.wav,0396.npy,1,0.2305904432091541,36.35327862196857,0.16465909090909092,0.005037362303098801,0.0,2,9.0,6.0,3.0,0.8,0,1.0,1.2,1.5,5,4.0,1.3,1.5,train
0802,0802_L.wav,0802_R.wav,0802.npy,2,0.75809358805854,36.021147226585896,0.16512820512820514,0.18702588819872984,-0.15873015873015872,0,6.0,4.0,3.0,0.65,1,1.0,2.0,1.5,9,2.5,2.5,1.5,train
0818,0818_L.wav,0818_R.wav,0818.npy,2,5.7809916315263274,39.05222728940299,0.16465909090909092,0.26772200670024,-0.15873015873015872,2,9.0,6.0,3.0,0.8,5,3.0,2.0,1.5,13,4.5,2.5,1.5,train
0819,0819_L.wav,0819_R.wav,0819.npy,2,14.993155061741689,47.95140108907524,0.16465909090909092,3.018569937648593,-0.5215419501133787,2,9.0,6.0,3.0,0.8,5,3.0,2.0,1.5,10,3.0,2.5,1.5,train
0492,0492_L.wav,0492_R.wav,0492.npy,1,-4.112346088614923,9.271474965985322,1.2227848101265821,-0.48047861950671744,0.4308390022675737,1,8.0,5.0,3.0,0.1,5,3.0,2.0,1.5,2,2.5,1.3,1.5,train
0359,0359_L.wav,0359_R.wav,0359.npy,1,-1.487365159905665,27.1659162878045,0.21493960584869676,0.30599456186877,-0.4308390022675737,3,10.0,7.0,3.0,0.65,0,1.0,1.2,1.5,16,2.5,3.2,1.5,train
0525,0525_L.wav,0525_R.wav,0525.npy,1,-4.357629047793653,14.021672022585927,0.39917355371900837,-0.08882429513455842,0.22675736961451248,3,10.0,7.0,3.0,0.35,1,1.0,2.0,1.5,2,2.5,1.3,1.5,train
0412,0412_L.wav,0412_R.wav,0412.npy,1,-0.0705663096699763,18.933440814032807,0.2794214876033058,0.18620737784544347,-0.15873015873015872,3,10.0,7.0,3.0,0.5,5,3.0,2.0,1.5,13,4.5,2.5,1.5,train
0589,0589_L.wav,0589_R.wav,0589.npy,2,2.2475794087527072,38.12394864888188,0.16512820512820514,0.8618889904139233,-0.47619047619047616,0,6.0,4.0,3.0,0.65,3,2.0,1.5,1.5,9,2.5,2.5,1.5,train
0455,0455_L.wav,0455_R.wav,0455.npy,1,-0.3851014798274152,43.91561194238025,0.13416666666666666,0.017318309910008142,0.0,0,6.0,4.0,3.0,0.8,0,1.0,1.2,1.5,5,4.0,1.3,1.5,train
0660,0660_L.wav,0660_R.wav,0660.npy,2,1.4733342470425503,27.931936005201408,0.20265734265734264,-0.2119481860699325,0.22675736961451248,2,9.0,6.0,3.0,0.65,5,3.0,2.0,1.5,6,4.5,1.3,1.5,train
0560,0560_L.wav,0560_R.wav,0560.npy,2,2.1016681935979094,27.963644097439015,0.21493960584869676,0.23351395098368227,-0.15873015873015872,3,10.0,7.0,3.0,0.65,5,3.0,2.0,1.5,7,1.5,2.5,1.5,train
0315,0315_L.wav,0315_R.wav,0315.npy,1,-5.655659104418679,8.639226195289247,1.397107438016529,0.1128480763114797,-0.045351473922902494,3,10.0,7.0,3.0,0.1,0,1.0,1.2,1.5,1,2.0,1.3,1.5,train
0626,0626_L.wav,0626_R.wav,0626.npy,2,9.566770127041412,43.615071739359465,0.16512820512820514,-0.9565388473366226,0.18140589569160998,0,6.0,4.0,3.0,0.65,3,2.0,1.5,1.5,0,1.5,1.3,1.5,train
0438,0438_L.wav,0438_R.wav,0438.npy,1,-1.388389791403041,19.91757228111336,0.2794214876033058,-0.1500017559489258,0.22675736961451248,3,10.0,7.0,3.0,0.5,5,3.0,2.0,1.5,0,1.5,1.3,1.5,train
0423,0423_L.wav,0423_R.wav,0423.npy,1,-5.163486894092012,20.599299829733848,0.24455696202531646,-0.12649415040683964,0.3401360544217687,1,8.0,5.0,3.0,0.5,2,1.0,3.0,1.5,3,3.0,1.3,1.5,train
0199,0199_L.wav,0199_R.wav,0199.npy,0,-6.1325723944654165,19.42413503257892,0.26345454545454544,0.10609815319737854,3.492063492063492,2,9.0,6.0,3.0,0.5,2,1.0,3.0,1.5,5,4.0,1.3,1.5,train
0120,0120_L.wav,0120_R.wav,0120.npy,0,-8.946604477826538,14.76817605449854,0.34936708860759497,-0.014592797623684695,-4.036281179138323,1,8.0,5.0,3.0,0.35,3,2.0,1.5,1.5,6,4.5,1.3,1.5,train
0364,0364_L.wav,0364_R.wav,0364.npy,1,-3.679625171672253,20.264799537085057,0.26345454545454544,-0.106629111367532,0.15873015873015872,2,9.0,6.0,3.0,0.5,1,1.0,2.0,1.5,3,3.0,1.3,1.5,train
0597,0597_L.wav,0597_R.wav,0597.npy,2,0.47056736934608157,36.33090536656671,0.16512820512820514,-0.19815399636652536,0.15873015873015872,0,6.0,4.0,3.0,0.65,2,1.0,3.0,1.5,9,2.5,2.5,1.5,train
0518,0518_L.wav,0518_R.wav,0518.npy,1,-3.5811003977792844,26.823883848312867,0.21466666666666667,0.2937508990698189,-0.4988662131519275,0,6.0,4.0,3.0,0.5,3,2.0,1.5,1.5,16,2.5,3.2,1.5,train
0457,0457_L.wav,0457_R.wav,0457.npy,1,-1.7612763759746886,12.295850727830935,0.6113924050632911,-0.6341373604365387,0.4308390022675737,1,8.0,5.0,3.0,0.2,5,3.0,2.0,1.5,4,3.5,1.3,1.5,train
0535,0535_L.wav,0535_R.wav,0535.npy,1,-0.7499983099051988,10.944820673034897,1.2227848101265821,-0.4884608919916997,0.18140589569160998,1,8.0,5.0,3.0,0.1,3,2.0,1.5,1.5,0,1.5,1.3,1.5,train
0113,0113_L.wav,0113_R.wav,0113.npy,0,-8.194731504724382,12.988252389131487,0.3763636363636364,-0.101364317816204,-0.22675736961451248,2,9.0,6.0,3.0,0.35,0,1.0,1.2,1.5,19,4.0,3.2,1.5,train
0097,0097_L.wav,0097_R.wav,0097.npy,0,-9.301082130611576,11.883295073242016,1.0733333333333333,-0.0814434677862787,0.47619047619047616,0,6.0,4.0,3.0,0.1,4,2.0,2.5,1.5,0,1.5,1.3,1.5,train
0579,0579_L.wav,0579_R.wav,0579.npy,2,9.129358815826018,42.69284620252411,0.17463842975206612,1.4261022187867247,-0.5215419501133787,3,10.0,7.0,3.0,0.8,3,2.0,1.5,1.5,8,2.0,2.5,1.5,train
0108,0108_L.wav,0108_R.wav,0108.npy,0,-8.435950075630327,18.635879332433895,0.3066666666666667,0.1393681893830234,-4.671201814058957,0,6.0,4.0,3.0,0.35,3,2.0,1.5,1.5,18,3.5,3.2,1.5,train
0629,0629_L.wav,0629_R.wav,0629.npy,2,9.050716955650719,34.07368885070043,0.20265734265734264,1.4409691039089878,-0.36281179138321995,2,9.0,6.0,3.0,0.65,5,3.0,2.0,1.5,11,3.5,2.5,1.5,train
0586,0586_L.wav,0586_R.wav,0586.npy,2,4.91794536457512,26.20192934036199,0.24455696202531646,1.2384280968633572,-0.36281179138321995,1,8.0,5.0,3.0,0.5,1,1.0,2.0,1.5,7,1.5,2.5,1.5,train
0073,0073_L.wav,0073_R.wav,0073.npy,0,-10.946063021983592,8.01550236897657,1.2227848101265821,0.07942315091500513,4.058956916099773,1,8.0,5.0,3.0,0.1,1,1.0,2.0,1.5,17,3.0,3.2,1.5,train
0615,0615_L.wav,0615_R.wav,0615.npy,2,1.6904657541282007,28.72526253360029,0.20265734265734264,0.21359401320042304,-0.15873015873015872,2,9.0,6.0,3.0,0.65,1,1.0,2.0,1.5,9,2.5,2.5,1.5,train
0208,0208_L.wav,0208_R.wav,0208.npy,0,-10.519309601715012,11.323524675406972,1.0733333333333333,-0.21299820195378716,-4.6938775510204085,0,6.0,4.0,3.0,0.1,0,1.0,1.2,1.5,3,3.0,1.3,1.5,train
0407,0407_L.wav,0407_R.wav,0407.npy,1,-2.9473656819639467,19.912055729929754,0.3066666666666667,-0.2757074147264896,0.29478458049886624,0,6.0,4.0,3.0,0.35,5,3.0,2.0,1.5,5,4.0,1.3,1.5,train
0143,0143_L.wav,0143_R.wav,0143.npy,0,-11.003652501974258,7.791792940384927,1.2227848101265821,-0.2709351464549611,5.034013605442177,1,8.0,5.0,3.0,0.1,4,2.0,2.5,1.5,4,3.5,1.3,1.5,train
0538,0538_L.wav,0538_R.wav,0538.npy,1,-2.705326531929149,26.601780625530825,0.20265734265734264,-0.02676834510661536,0.045351473922902494,2,9.0,6.0,3.0,0.65,3,2.0,1.5,1.5,6,4.5,1.3,1.5,train
0700,0700_L.wav,0700_R.wav,0700.npy,2,13.522178542796945,47.570123616717154,0.15284810126582277,1.0258910082366193,-0.18140589569160998,1,8.0,5.0,3.0,0.8,2,1.0,3.0,1.5,14,1.5,3.2,1.5,train
0620,0620_L.wav,0620_R.wav,0620.npy,2,8.341531496967432,28.078578368056988,0.24455696202531646,2.69217265196696,-0.5215419501133787,1,8.0,5.0,3.0,0.5,5,3.0,2.0,1.5,10,3.0,2.5,1.5,train
0057,0057_L.wav,0057_R.wav,0057.npy,0,-6.619135066857799,9.370085148825723,0.6586363636363637,0.16685709647160168,-0.40816326530612246,2,9.0,6.0,3.0,0.2,5,3.0,2.0,1.5,19,4.0,3.2,1.5,train
0569,0569_L.wav,0569_R.wav,0569.npy,2,6.269771772922463,42.00150520253047,0.17463842975206612,0.8772235849073157,-0.47619047619047616,3,10.0,7.0,3.0,0.8,1,1.0,2.0,1.5,14,1.5,3.2,1.5,train
0823,0823_L.wav,0823_R.wav,0823.npy,2,8.255015607069303,33.65520532700723,0.18812074001947418,1.949351976420679,-0.5442176870748299,1,8.0,5.0,3.0,0.65,4,2.0,2.5,1.5,15,2.0,3.2,1.5,train
0025,0025_L.wav,0025_R.wav,0025.npy,0,-11.677707503514508,10.994742713492183,1.0733333333333333,0.1475569747491767,0.09070294784580499,0,6.0,4.0,3.0,0.1,1,1.0,2.0,1.5,5,4.0,1.3,1.5,train
0652,0652_L.wav,0652_R.wav,0652.npy,2,5.900966069052318,33.4034113493008,0.20265734265734264,-1.1294380819732441,0.4308390022675737,2,9.0,6.0,3.0,0.65,1,1.0,2.0,1.5,0,1.5,1.3,1.5,train
0358,0358_L.wav,0358_R.wav,0358.npy,1,-0.03916330383687432,46.59300023462766,0.13416666666666666,0.013288344019348877,-0.022675736961451247,0,6.0,4.0,3.0,0.8,0,1.0,1.2,1.5,4,3.5,1.3,1.5,train
0419,0419_L.wav,0419_R.wav,0419.npy,1,-1.0947040411069178,16.557189499254797,0.34936708860759497,0.5278816542364622,-0.47619047619047616,1,8.0,5.0,3.0,0.35,3,2.0,1.5,1.5,9,2.5,2.5,1.5,train
0209,0209_L.wav,0209_R.wav,0209.npy,0,-8.68032487556923,11.269882507502341,1.0733333333333333,0.41339109987227407,-0.47619047619047616,0,6.0,4.0,3.0,0.1,5,3.0,2.0,1.5,18,3.5,3.2,1.5,train
0306,0306_L.wav,0306_R.wav,0306.npy,1,-0.3743501025727014,46.51649494266004,0.13416666666666666,0.17605946849018517,-0.20408163265306123,0,6.0,4.0,3.0,0.8,3,2.0,1.5,1.5,13,4.5,2.5,1.5,train
0038,0038_L.wav,0038_R.wav,0038.npy,0,-9.81435396068293,14.047491470938489,0.5366666666666666,0.3792300539864346,-5.0566893424036286,0,6.0,4.0,3.0,0.2,3,2.0,1.5,1.5,17,3.0,3.2,1.5,train
0657,0657_L.wav,0657_R.wav,0657.npy,2,2.257189172863892,38.52190556945675,0.16512820512820514,-0.7318821561232541,0.47619047619047616,0,6.0,4.0,3.0,0.65,4,2.0,2.5,1.5,0,1.5,1.3,1.5,train
0445,0445_L.wav,0445_R.wav,0445.npy,1,-5.363215253419275,14.055670799909057,0.3763636363636364,0.016055884579926242,-5.034013605442177,2,9.0,6.0,3.0,0.35,1,1.0,2.0,1.5,16,2.5,3.2,1.5,train
0241,0241_L.wav,0241_R.wav,0241.npy,0,-12.917095134662427,10.884352482334268,1.0733333333333333,0.12550531350587235,-0.06802721088435373,0,6.0,4.0,3.0,0.1,1,1.0,2.0,1.5,12,4.0,2.5,1.5,train
0479,0479_L.wav,0479_R.wav,0479.npy,1,-4.3901323925479065,9.307716954458163,0.6985537190082645,-0.24655712895430323,0.29478458049886624,3,10.0,7.0,3.0,0.2,5,3.0,2.0,1.5,1,2.0,1.3,1.5,train
0596,0596_L.wav,0596_R.wav,0596.npy,2,3.7015352694006536,33.26983560410841,0.18812074001947418,-0.48880646263666205,0.29478458049886624,1,8.0,5.0,3.0,0.65,5,3.0,2.0,1.5,5,4.0,1.3,1.5,train
0182,0182_L.wav,0182_R.wav,0182.npy,0,-7.871536657429826,13.405036353555648,0.3763636363636364,0.02689250182444719,4.036281179138323,2,9.0,6.0,3.0,0.35,2,1.0,3.0,1.5,18,3.5,3.2,1.5,train
0543,0543_L.wav,0543_R.wav,0543.npy,1,-2.9806922214059703,15.531300374079148,0.34936708860759497,0.32179559383235945,-0.36281179138321995,1,8.0,5.0,3.0,0.35,3,2.0,1.5,1.5,10,3.0,2.5,1.5,train
0746,0746_L.wav,0746_R.wav,0746.npy,2,4.271099819865449,38.97197083252557,0.17463842975206612,0.4353085741700492,-0.31746031746031744,3,10.0,7.0,3.0,0.8,5,3.0,2.0,1.5,14,1.5,3.2,1.5,train
0280,0280_L.wav,0280_R.wav,0280.npy,1,-1.4912715608093083,21.035554081824415,0.2794214876033058,0.3614444804842466,-0.40816326530612246,3,10.0,7.0,3.0,0.5,0,1.0,1.2,1.5,8,2.0,2.5,1.5,train
0473,0473_L.wav,0473_R.wav,0473.npy,1,-0.5440028261075263,37.718031894029565,0.15284810126582277,-0.11669767728532932,0.06802721088435373,1,8.0,5.0,3.0,0.8,2,1.0,3.0,1.5,13,4.5,2.5,1.5,train
0147,0147_L.wav,0147_R.wav,0147.npy,0,-6.892852521768322,9.958819687083768,0.6586363636363637,-0.17773923242887213,-4.6938775510204085,2,9.0,6.0,3.0,0.2,0,1.0,1.2,1.5,3,3.0,1.3,1.5,train
0837,0837_L.wav,0837_R.wav,0837.npy,2,18.91275439921611,36.364216315079574,0.2794214876033058,-8.274042593564197,0.5215419501133787,3,10.0,7.0,3.0,0.5,3,2.0,1.5,1.5,1,2.0,1.3,1.5,train
0084,0084_L.wav,0084_R.wav,0084.npy,0,-10.4911593832026,6.676935798511412,1.3172727272727274,-0.1925778195911719,-0.13605442176870747,2,9.0,6.0,3.0,0.1,3,2.0,1.5,1.5,12,4.0,2.5,1.5,train
0789,0789_L.wav,0789_R.wav,0789.npy,2,0.5434984227435672,27.914916619463483,0.21466666666666667,0.36446511703216394,-0.22675736961451248,0,6.0,4.0,3.0,0.5,1,1.0,2.0,1.5,8,2.0,2.5,1.5,train
0483,0483_L.wav,0483_R.wav,0483.npy,1,-3.907137469337316,15.476716524558856,0.34936708860759497,-0.2704753495119576,0.40816326530612246,1,8.0,5.0,3.0,0.35,4,2.0,2.5,1.5,3,3.0,1.3,1.5,train
0636,0636_L.wav,0636_R.wav,0636.npy,2,6.082951024033806,40.428482324930954,0.16512820512820514,-1.1297112826083398,0.4308390022675737,0,6.0,4.0,3.0,0.65,5,3.0,2.0,1.5,4,3.5,1.3,1.5,train
0486,0486_L.wav,0486_R.wav,0486.npy,1,-3.4298510754784646,8.095114693136443,1.3172727272727274,0.2819481219963255,-0.4308390022675737,2,9.0,6.0,3.0,0.1,4,2.0,2.5,1.5,16,2.5,3.2,1.5,train
0783,0783_L.wav,0783_R.wav,0783.npy,2,0.9516795969409875,37.65667156808873,0.15284810126582277,0.07155993575690507,-0.022675736961451247,1,8.0,5.0,3.0,0.8,0,1.0,1.2,1.5,3,3.0,1.3,1.5,train
0542,0542_L.wav,0542_R.wav,0542.npy,1,-3.2346356829288823,13.655196421868833,0.39917355371900837,0.17279753614547963,-0.15873015873015872,3,10.0,7.0,3.0,0.35,5,3.0,2.0,1.5,7,1.5,2.5,1.5,train
0520,0520_L.wav,0520_R.wav,0520.npy,1,-0.3275915901342272,23.244403510423815,0.24455696202531646,0.5481927172247496,-0.47619047619047616,1,8.0,5.0,3.0,0.5,1,1.0,2.0,1.5,14,1.5,3.2,1.5,train
0184,0184_L.wav,0184_R.wav,0184.npy,0,-7.636097539098586,7.62666135828968,1.3172727272727274,-0.05616495054870016,0.29478458049886624,2,9.0,6.0,3.0,0.1,1,1.0,2.0,1.5,1,2.0,1.3,1.5,train
0239,0239_L.wav,0239_R.wav,0239.npy,0,-11.42871083858183,8.142211825819599,1.2227848101265821,-0.08480189161325905,0.022675736961451247,1,8.0,5.0,3.0,0.1,3,2.0,1.5,1.5,5,4.0,1.3,1.5,train
0781,0781_L.wav,0781_R.wav,0781.npy,2,0.5942591336912489,35.295119187062866,0.16465909090909092,-0.0079986605297719,0.09070294784580499,2,9.0,6.0,3.0,0.8,2,1.0,3.0,1.5,12,4.0,2.5,1.5,train
0296,0296_L.wav,0296_R.wav,0296.npy,1,-2.7136559142768037,14.865332332825673,0.5366666666666666,-0.5679797683857498,0.4308390022675737,0,6.0,4.0,3.0,0.2,5,3.0,2.0,1.5,2,2.5,1.3,1.5,train
0335,0335_L.wav,0335_R.wav,0335.npy,1,-1.4849483949759137,16.74741355410542,0.3763636363636364,0.11136410305799879,-0.045351473922902494,2,9.0,6.0,3.0,0.35,0,1.0,1.2,1.5,1,2.0,1.3,1.5,train
0268,0268_L.wav,0268_R.wav,0268.npy,0,-8.4693262794232,10.732354529441166,0.6113924050632911,-0.0037644912871879475,4.671201814058957,1,8.0,5.0,3.0,0.2,2,1.0,3.0,1.5,2,2.5,1.3,1.5,train
0466,0466_L.wav,0466_R.wav,0466.npy,1,0.2504138056597186,35.355048509637115,0.17463842975206612,0.10251485656480817,-0.29478458049886624,3,10.0,7.0,3.0,0.8,0,1.0,1.2,1.5,19,4.0,3.2,1.5,train
0779,0779_L.wav,0779_R.wav,0779.npy,2,0.8569406919369033,34.32374116673244,0.17463842975206612,-0.030162401400709055,0.11337868480725624,3,10.0,7.0,3.0,0.8,1,1.0,2.0,1.5,5,4.0,1.3,1.5,train
0150,0150_L.wav,0150_R.wav,0150.npy,0,-8.919218885902094,10.260599313786718,0.6113924050632911,0.0008053358750699183,4.73922902494331,1,8.0,5.0,3.0,0.2,3,2.0,1.5,1.5,11,3.5,2.5,1.5,train
0282,0282_L.wav,0282_R.wav,0282.npy,1,-2.239109850856569,21.6964201748082,0.24455696202531646,-0.14539230663649771,0.22675736961451248,1,8.0,5.0,3.0,0.5,1,1.0,2.0,1.5,2,2.5,1.3,1.5,train
0562,0562_L.wav,0562_R.wav,0562.npy,2,11.014601247400721,45.768111667630215,0.15284810126582277,1.5082025254914602,-0.36281179138321995,1,8.0,5.0,3.0,0.8,1,1.0,2.0,1.5,7,1.5,2.5,1.5,train
0326,0326_L.wav,0326_R.wav,0326.npy,1,-5.035575846592094,15.59873610754092,0.34936708860759497,-0.128631758129559,0.22675736961451248,1,8.0,5.0,3.0,0.35,1,1.0,2.0,1.5,2,2.5,1.3,1.5,train
0616,0616_L.wav,0616_R.wav,0616.npy,2,7.340616553813194,53.210971543120394,0.13416666666666666,0.18809798183285548,-0.11337868480725624,0,6.0,4.0,3.0,0.8,2,1.0,3.0,1.5,15,2.0,3.2,1.5,train
0528,0528_L.wav,0528_R.wav,0528.npy,1,-4.437773869235475,26.425832213944,0.18812074001947418,0.11421259085324525,-0.06802721088435373,1,8.0,5.0,3.0,0.65,1,1.0,2.0,1.5,13,4.5,2.5,1.5,train
0674,0674_L.wav,0674_R.wav,0674.npy,2,5.8512011745021795,42.28217500179564,0.15284810126582277,0.8527614680871521,-0.47619047619047616,1,8.0,5.0,3.0,0.8,1,1.0,2.0,1.5,14,1.5,3.2,1.5,train
0715,0715_L.wav,0715_R.wav,0715.npy,2,2.5700251227871007,22.92602741983515,0.26345454545454544,-0.13818319906922982,0.11337868480725624,2,9.0,6.0,3.0,0.5,3,2.0,1.5,1.5,3,3.0,1.3,1.5,train
0373,0373_L.wav,0373_R.wav,0373.npy,1,-5.441217204725557,12.775660575763206,0.39917355371900837,0.19463833677367237,0.0,3,10.0,7.0,3.0,0.35,0,1.0,1.2,1.5,6,4.5,1.3,1.5,train
0375,0375_L.wav,0375_R.wav,0375.npy,1,-4.756188399202909,18.199798966411436,0.26345454545454544,0.0020308988828854797,0.09070294784580499,2,9.0,6.0,3.0,0.5,1,1.0,2.0,1.5,5,4.0,1.3,1.5,train
0273,0273_L.wav,0273_R.wav,0273.npy,0,-7.603980771251672,14.956425163728216,0.34936708860759497,1.5900365491393486e-08,0.0,1,8.0,5.0,3.0,0.35,4,2.0,2.5,1.5,13,4.5,2.5,1.5,train
0185,0185_L.wav,0185_R.wav,0185.npy,0,-11.755365761745658,7.145586160758402,1.2227848101265821,-0.19015096242951496,0.09070294784580499,1,8.0,5.0,3.0,0.1,1,1.0,2.0,1.5,5,4.0,1.3,1.5,train
0265,0265_L.wav,0265_R.wav,0265.npy,0,-6.650642670038992,10.808784667649018,0.6113924050632911,2.8435185676670196e-08,0.0,1,8.0,5.0,3.0,0.2,4,2.0,2.5,1.5,11,3.5,2.5,1.5,train
0637,0637_L.wav,0637_R.wav,0637.npy,2,1.0237184588778767,37.08214524690332,0.16465909090909092,-0.14307144620743978,0.22675736961451248,2,9.0,6.0,3.0,0.8,4,2.0,2.5,1.5,6,4.5,1.3,1.5,train
0125,0125_L.wav,0125_R.wav,0125.npy,0,-9.228908640287502,10.351143792923203,0.6113924050632911,-0.10003613451193757,-4.671201814058957,1,8.0,5.0,3.0,0.2,3,2.0,1.5,1.5,18,3.5,3.2,1.5,train
0687,0687_L.wav,0687_R.wav,0687.npy,2,4.633153157672948,38.791860171200824,0.16512820512820514,-0.17206438319073272,0.11337868480725624,0,6.0,4.0,3.0,0.65,3,2.0,1.5,1.5,3,3.0,1.3,1.5,train
0213,0213_L.wav,0213_R.wav,0213.npy,0,-6.861165014891685,18.593314766351327,0.3066666666666667,0.856684701011361,3.0158730158730163,0,6.0,4.0,3.0,0.35,0,1.0,1.2,1.5,16,2.5,3.2,1.5,train
0806,0806_L.wav,0806_R.wav,0806.npy,2,1.2812206323965984,27.902221191902207,0.21493960584869676,-0.209074839783807,0.22675736961451248,3,10.0,7.0,3.0,0.65,5,3.0,2.0,1.5,0,1.5,1.3,1.5,train
0484,0484_L.wav,0484_R.wav,0484.npy,1,-5.456072697146473,15.244990898878147,0.34936708860759497,0.15732505712261094,-5.034013605442177,1,8.0,5.0,3.0,0.35,5,3.0,2.0,1.5,14,1.5,3.2,1.5,train
0286,0286_L.wav,0286_R.wav,0286.npy,1,-0.9250699555309494,43.095138540203585,0.13416666666666666,0.09244185547676292,-0.29478458049886624,0,6.0,4.0,3.0,0.8,0,1.0,1.2,1.5,19,4.0,3.2,1.5,train
0727,0727_L.wav,0727_R.wav,0727.npy,2,9.673094769483315,43.72169593352558,0.16512820512820514,-0.9584315189069166,0.18140589569160998,0,6.0,4.0,3.0,0.65,3,2.0,1.5,1.5,2,2.5,1.3,1.5,train
0074,0074_L.wav,0074_R.wav,0074.npy,0,-8.720665793991111,9.336518016759204,0.6586363636363637,0.2356895487940508,-0.24943310657596374,2,9.0,6.0,3.0,0.2,3,2.0,1.5,1.5,17,3.0,3.2,1.5,train
0836,0836_L.wav,0836_R.wav,0836.npy,2,2.7879694090079576,42.10923497853817,0.15284810126582277,0.21025412142411903,-0.22675736961451248,1,8.0,5.0,3.0,0.8,3,2.0,1.5,1.5,12,4.0,2.5,1.5,train
0262,0262_L.wav,0262_R.wav,0262.npy,0,-9.39949462512017,6.111561245536876,1.397107438016529,0.17247645945924478,-0.24943310657596374,3,10.0,7.0,3.0,0.1,3,2.0,1.5,1.5,17,3.0,3.2,1.5,train
0548,0548_L.wav,0548_R.wav,0548.npy,1,-1.4921982005603605,28.44654696510129,0.18812074001947418,0.19673580159567872,-0.27210884353741494,1,8.0,5.0,3.0,0.65,1,1.0,2.0,1.5,17,3.0,3.2,1.5,train
0067,0067_L.wav,0067_R.wav,0067.npy,0,-6.127716907175264,9.232415877706195,0.6985537190082645,0.05485254610980601,-4.6938775510204085,3,10.0,7.0,3.0,0.2,0,1.0,1.2,1.5,3,3.0,1.3,1.5,train
0165,0165_L.wav,0165_R.wav,0165.npy,0,-8.019193247743615,7.314633609155672,1.3172727272727274,-0.06934937648117376,-5.419501133786848,2,9.0,6.0,3.0,0.1,0,1.0,1.2,1.5,2,2.5,1.3,1.5,train
0392,0392_L.wav,0392_R.wav,0392.npy,1,-5.336786388463421,18.50057256291209,0.26345454545454544,0.17233931415136905,-3.5147392290249435,2,9.0,6.0,3.0,0.5,2,1.0,3.0,1.5,12,4.0,2.5,1.5,train
0602,0602_L.wav,0602_R.wav,0602.npy,2,29.16508120329054,63.318077826078685,0.16465909090909092,3.202365906371188e-05,0.0,2,9.0,6.0,3.0,0.8,4,2.0,2.5,1.5,8,2.0,2.5,1.5,train
0675,0675_L.wav,0675_R.wav,0675.npy,2,1.8245257303863516,36.948296574115304,0.16465909090909092,-0.0672519015991518,0.13605442176870747,2,9.0,6.0,3.0,0.8,1,1.0,2.0,1.5,4,3.5,1.3,1.5,train
0158,0158_L.wav,0158_R.wav,0158.npy,0,-6.59932396532437,9.069532909511969,0.6985537190082645,0.18225036479410398,5.442176870748299,3,10.0,7.0,3.0,0.2,3,2.0,1.5,1.5,4,3.5,1.3,1.5,train
